Variant SKU,Inventory Available: Shop location,Variant Command
131587,60,UPDATE
132699,129,UPDATE
132702,78,UPDATE
132710,123,UPDATE
132890,141,UPDATE
133751,3,UPDATE
133882,30,UPDATE
133887,69,UPDATE
133890,53,UPDATE
133898,82,UPDATE
134412,43,UPDATE
134430,40,UPDATE
134445,137,UPDATE
134454,57,UPDATE
134475,19,UPDATE
134482,37,UPDATE
134497,58,UPDATE
134517,68,UPDATE
134519,104,UPDATE
134569,26,UPDATE
135263,87,UPDATE
135482,24,UPDATE
135828,13,UPDATE
135965,70,UPDATE
136026,75,UPDATE
136044,15,UPDATE
136061,147,UPDATE
136079,61,UPDATE
136093,146,UPDATE
136105,50,UPDATE
136167,23,UPDATE
136174,48,UPDATE
136198,122,UPDATE
136236,118,UPDATE
136250,42,UPDATE
136388,95,UPDATE
136389,191,UPDATE
136397,99,UPDATE
136476,37,UPDATE
136491,27,UPDATE
136531,79,UPDATE
136602,30,UPDATE
136613,44,UPDATE
136645,63,UPDATE
136665,81,UPDATE
136696,153,UPDATE
136713,34,UPDATE
137026,16,UPDATE
137253,34,UPDATE
137567,28,UPDATE
140335,78,UPDATE
140718,85,UPDATE
142320,36,UPDATE
142555,21,UPDATE
142617,15,UPDATE
142861,145,UPDATE
142874,148,UPDATE
142921,162,UPDATE
143343,100,UPDATE
143354,150,UPDATE
143558,19,UPDATE
143559,197,UPDATE
144820,149,UPDATE
145358,165,UPDATE
145644,49,UPDATE
145844,12,UPDATE
145936,56,UPDATE
147934,141,UPDATE
149643,39,UPDATE
149685,24,UPDATE
149693,7,UPDATE
149710,3,UPDATE
149716,34,UPDATE
150721,0,UPDATE
150900,70,UPDATE
150903,76,UPDATE
151058,63,UPDATE
151064,68,UPDATE
151449,150,UPDATE
151763,34,UPDATE
151768,121,UPDATE
151787,187,UPDATE
151896,7,UPDATE
151960,161,UPDATE
151965,40,UPDATE
152020,26,UPDATE
153269,55,UPDATE
153333,135,UPDATE
153570,92,UPDATE
153601,97,UPDATE
153685,90,UPDATE
153860,52,UPDATE
153876,135,UPDATE
155265,107,UPDATE
155642,37,UPDATE
155643,70,UPDATE
155661,51,UPDATE
155679,90,UPDATE
155797,125,UPDATE
155799,159,UPDATE
155800,147,UPDATE
155803,77,UPDATE
155913,48,UPDATE
155939,80,UPDATE
156002,30,UPDATE
156354,26,UPDATE
160315,16,UPDATE
170647,46,UPDATE
170650,47,UPDATE
180083,62,UPDATE
20511,10,UPDATE
20530,71,UPDATE
20555,87,UPDATE
240114,43,UPDATE
240122,46,UPDATE
240133,51,UPDATE
240159,35,UPDATE
240225,72,UPDATE
240470,125,UPDATE
240499,17,UPDATE
240575,76,UPDATE
240729,128,UPDATE
240798,107,UPDATE
240902,34,UPDATE
240939,76,UPDATE
240941,4,UPDATE
241136,13,UPDATE
241145,94,UPDATE
241175,102,UPDATE
241220,62,UPDATE
241265,109,UPDATE
241266,110,UPDATE
241275,117,UPDATE
241339,151,UPDATE
241372,90,UPDATE
241543,117,UPDATE
241734,17,UPDATE
242005,69,UPDATE
242025,104,UPDATE
242140,112,UPDATE
242190,47,UPDATE
242225,136,UPDATE
242371,25,UPDATE
242372,59,UPDATE
242407,77,UPDATE
242436,19,UPDATE
242555,31,UPDATE
242644,47,UPDATE
243002,79,UPDATE
243050,166,UPDATE
243053,186,UPDATE
243056,56,UPDATE
243296,49,UPDATE
243380,105,UPDATE
243758,171,UPDATE
243774,101,UPDATE
243775,83,UPDATE
243783,73,UPDATE
243803,101,UPDATE
243812,104,UPDATE
243824,132,UPDATE
243826,129,UPDATE
243844,53,UPDATE
243851,159,UPDATE
243853,131,UPDATE
243978,66,UPDATE
244008,13,UPDATE
244139,5,UPDATE
244142,4,UPDATE
244213,23,UPDATE
244426,50,UPDATE
244428,72,UPDATE
244442,42,UPDATE
244446,46,UPDATE
244468,180,UPDATE
244475,178,UPDATE
244568,35,UPDATE
244615,100,UPDATE
244675,99,UPDATE
244779,6,UPDATE
245139,64,UPDATE
245341,137,UPDATE
245342,62,UPDATE
245344,91,UPDATE
245610,19,UPDATE
245691,143,UPDATE
245704,107,UPDATE
245745,31,UPDATE
245767,101,UPDATE
245822,187,UPDATE
245878,30,UPDATE
245938,117,UPDATE
245963,190,UPDATE
246441,179,UPDATE
246447,97,UPDATE
246475,130,UPDATE
246603,69,UPDATE
246800,33,UPDATE
247106,78,UPDATE
247359,32,UPDATE
247600,163,UPDATE
247603,138,UPDATE
247605,134,UPDATE
247682,10,UPDATE
248126,101,UPDATE
248143,42,UPDATE
248155,39,UPDATE
248173,48,UPDATE
248195,115,UPDATE
270181,154,UPDATE
271744,111,UPDATE
271745,111,UPDATE
274770,2,UPDATE
276857,13,UPDATE
276870,32,UPDATE
277175,62,UPDATE
277544,32,UPDATE
279124,138,UPDATE
279129,69,UPDATE
279131,93,UPDATE
279654,48,UPDATE
279714,56,UPDATE
279760,56,UPDATE
280171,27,UPDATE
280195,90,UPDATE
281335,9,UPDATE
281359,41,UPDATE
281363,13,UPDATE
281375,124,UPDATE
281397,92,UPDATE
281501,56,UPDATE
281549,98,UPDATE
281592,98,UPDATE
281621,164,UPDATE
281861,18,UPDATE
282624,135,UPDATE
282672,17,UPDATE
282697,1,UPDATE
282698,131,UPDATE
282729,8,UPDATE
282809,115,UPDATE
282815,47,UPDATE
282820,78,UPDATE
283221,35,UPDATE
283401,86,UPDATE
283406,56,UPDATE
284293,134,UPDATE
284331,184,UPDATE
284426,69,UPDATE
284436,32,UPDATE
284442,2,UPDATE
284447,27,UPDATE
284500,54,UPDATE
284656,64,UPDATE
284680,131,UPDATE
284681,108,UPDATE
284709,12,UPDATE
284727,62,UPDATE
285201,73,UPDATE
285240,109,UPDATE
285327,25,UPDATE
285844,158,UPDATE
285845,153,UPDATE
285964,7,UPDATE
286005,77,UPDATE
286426,84,UPDATE
286434,47,UPDATE
286549,9,UPDATE
286823,95,UPDATE
286979,99,UPDATE
287478,64,UPDATE
287665,145,UPDATE
288181,101,UPDATE
288183,50,UPDATE
288185,69,UPDATE
288192,164,UPDATE
288193,72,UPDATE
288196,99,UPDATE
288210,77,UPDATE
288214,36,UPDATE
288228,91,UPDATE
288234,155,UPDATE
288288,23,UPDATE
288335,99,UPDATE
288350,49,UPDATE
288451,40,UPDATE
288573,120,UPDATE
288706,52,UPDATE
288998,25,UPDATE
289090,23,UPDATE
289301,134,UPDATE
289374,31,UPDATE
289557,103,UPDATE
289561,152,UPDATE
289565,21,UPDATE
289740,95,UPDATE
289750,49,UPDATE
289933,40,UPDATE
289978,92,UPDATE
30077,135,UPDATE
30080,199,UPDATE
30239,192,UPDATE
30303,52,UPDATE
3051377,120,UPDATE
3051378,100,UPDATE
3051388,67,UPDATE
3051424,178,UPDATE
3051434,64,UPDATE
3051523,35,UPDATE
3051564,65,UPDATE
3051566,64,UPDATE
3051573,68,UPDATE
3051575,47,UPDATE
3051580,57,UPDATE
3051591,79,UPDATE
3051601,38,UPDATE
3051609,61,UPDATE
3051613,163,UPDATE
3051617,111,UPDATE
3051628,53,UPDATE
3053637,58,UPDATE
3054584,4,UPDATE
3054585,5,UPDATE
3054705,110,UPDATE
3054707,47,UPDATE
3054712,36,UPDATE
3054716,36,UPDATE
3054794,36,UPDATE
3054798,36,UPDATE
3057381,21,UPDATE
3057507,100,UPDATE
3057522,13,UPDATE
3058158,31,UPDATE
3058534,176,UPDATE
3060781,51,UPDATE
3060826,55,UPDATE
3060829,59,UPDATE
3061222,72,UPDATE
3061254,7,UPDATE
3064124,5,UPDATE
3067663,172,UPDATE
3067664,52,UPDATE
3067665,111,UPDATE
3070419,185,UPDATE
3070423,39,UPDATE
3070424,24,UPDATE
3070821,152,UPDATE
3070856,176,UPDATE
3071126,178,UPDATE
3071271,153,UPDATE
3071540,175,UPDATE
3071541,103,UPDATE
3071549,116,UPDATE
3071630,176,UPDATE
3071631,103,UPDATE
3073104,48,UPDATE
3073158,23,UPDATE
3073210,72,UPDATE
3073240,35,UPDATE
3073256,104,UPDATE
3073280,51,UPDATE
3075173,25,UPDATE
3077576,46,UPDATE
3077577,46,UPDATE
3077582,46,UPDATE
3077591,46,UPDATE
3077623,47,UPDATE
3077624,46,UPDATE
3077628,46,UPDATE
3077636,46,UPDATE
3077653,132,UPDATE
3078206,43,UPDATE
3078222,35,UPDATE
3078249,45,UPDATE
3078250,47,UPDATE
3078486,40,UPDATE
3078540,19,UPDATE
3078570,28,UPDATE
3078624,13,UPDATE
3079744,1,UPDATE
3079762,1,UPDATE
3079798,1,UPDATE
3079825,1,UPDATE
3079910,5,UPDATE
3079964,3,UPDATE
3079965,10,UPDATE
3080037,7,UPDATE
3080735,142,UPDATE
3082799,102,UPDATE
3082840,74,UPDATE
3082843,188,UPDATE
3082844,104,UPDATE
3083625,161,UPDATE
3087532,29,UPDATE
3088665,7,UPDATE
3088675,4,UPDATE
3093186,3,UPDATE
3095233,48,UPDATE
3095240,95,UPDATE
3095244,37,UPDATE
3098057,196,UPDATE
3098065,131,UPDATE
3098361,17,UPDATE
3098683,43,UPDATE
3099041,20,UPDATE
3101194,6,UPDATE
3101219,89,UPDATE
3101229,111,UPDATE
3101376,176,UPDATE
3101384,105,UPDATE
310250,30,UPDATE
310304,0,UPDATE
3103386,49,UPDATE
3103427,88,UPDATE
3103934,89,UPDATE
3104349,89,UPDATE
3104869,89,UPDATE
3105370,15,UPDATE
3105390,15,UPDATE
3105511,4,UPDATE
3105600,43,UPDATE
3105601,89,UPDATE
310630,51,UPDATE
310994,45,UPDATE
311125,130,UPDATE
311129,166,UPDATE
3114064,33,UPDATE
3114069,33,UPDATE
3114163,176,UPDATE
3114171,176,UPDATE
3115695,20,UPDATE
3115772,106,UPDATE
3115773,12,UPDATE
3115780,106,UPDATE
3115839,113,UPDATE
3115902,132,UPDATE
3115941,189,UPDATE
3116003,132,UPDATE
3116027,195,UPDATE
3116034,176,UPDATE
3116042,125,UPDATE
3116074,61,UPDATE
3116196,12,UPDATE
3116240,13,UPDATE
3116332,75,UPDATE
3116364,114,UPDATE
3116365,108,UPDATE
3116388,56,UPDATE
3116408,47,UPDATE
3116432,22,UPDATE
3116462,53,UPDATE
3116494,25,UPDATE
3116615,51,UPDATE
3116639,24,UPDATE
3116655,14,UPDATE
3116658,47,UPDATE
3116690,23,UPDATE
3116698,84,UPDATE
3116701,40,UPDATE
3116711,136,UPDATE
3116722,41,UPDATE
3116725,19,UPDATE
3116742,46,UPDATE
3116749,194,UPDATE
3116750,151,UPDATE
3116752,19,UPDATE
3116757,127,UPDATE
3116774,22,UPDATE
3116781,96,UPDATE
3116782,75,UPDATE
3116808,135,UPDATE
3116814,58,UPDATE
3116832,67,UPDATE
3116878,145,UPDATE
3116886,125,UPDATE
3116912,92,UPDATE
3116918,115,UPDATE
3116924,89,UPDATE
3116949,50,UPDATE
3117008,27,UPDATE
3117052,28,UPDATE
3117148,71,UPDATE
3117180,172,UPDATE
3117186,156,UPDATE
3117192,72,UPDATE
3117198,100,UPDATE
3117204,120,UPDATE
3117244,45,UPDATE
3117274,48,UPDATE
3117306,53,UPDATE
3117324,57,UPDATE
3117325,42,UPDATE
3117336,57,UPDATE
3117366,32,UPDATE
3117422,29,UPDATE
3117428,45,UPDATE
3117430,101,UPDATE
3117446,57,UPDATE
3117451,51,UPDATE
3117499,14,UPDATE
3117502,47,UPDATE
3117516,99,UPDATE
3117522,180,UPDATE
3117528,165,UPDATE
3117532,41,UPDATE
3117534,84,UPDATE
3117537,40,UPDATE
3117546,93,UPDATE
3117547,136,UPDATE
3117550,57,UPDATE
3117556,8,UPDATE
3117561,94,UPDATE
3117586,46,UPDATE
3117593,194,UPDATE
3117594,86,UPDATE
3117596,19,UPDATE
3117601,127,UPDATE
3117620,93,UPDATE
3117626,118,UPDATE
3117630,57,UPDATE
3117631,47,UPDATE
3117632,100,UPDATE
3117636,57,UPDATE
3117638,154,UPDATE
3117642,57,UPDATE
3117644,136,UPDATE
3117658,176,UPDATE
3117666,127,UPDATE
3117698,62,UPDATE
3117820,12,UPDATE
3117864,13,UPDATE
3118239,39,UPDATE
3118263,24,UPDATE
3118282,49,UPDATE
3118314,24,UPDATE
3118325,38,UPDATE
3118335,121,UPDATE
3118349,19,UPDATE
3118366,46,UPDATE
3118373,194,UPDATE
3118374,99,UPDATE
3118381,127,UPDATE
3118398,22,UPDATE
3118405,96,UPDATE
3118406,75,UPDATE
3118456,68,UPDATE
3118470,92,UPDATE
3118502,176,UPDATE
3118510,125,UPDATE
3118573,51,UPDATE
3118632,27,UPDATE
3118676,28,UPDATE
311875,88,UPDATE
311884,133,UPDATE
3118857,28,UPDATE
3118868,39,UPDATE
3118898,48,UPDATE
3118908,122,UPDATE
3118930,53,UPDATE
3118949,40,UPDATE
3118990,32,UPDATE
3119046,29,UPDATE
3119075,51,UPDATE
3119123,14,UPDATE
3119126,47,UPDATE
3119153,197,UPDATE
3119156,41,UPDATE
3119161,40,UPDATE
3119171,136,UPDATE
3119180,8,UPDATE
3119185,94,UPDATE
3119210,46,UPDATE
3119217,194,UPDATE
3119218,119,UPDATE
3119220,19,UPDATE
3119225,127,UPDATE
3119255,39,UPDATE
3119268,137,UPDATE
3119282,176,UPDATE
3119290,127,UPDATE
3119322,62,UPDATE
3119444,12,UPDATE
3119488,13,UPDATE
3119906,49,UPDATE
3119938,24,UPDATE
3119990,46,UPDATE
3119997,194,UPDATE
3119998,66,UPDATE
3120005,127,UPDATE
3120022,22,UPDATE
3120029,96,UPDATE
3120030,68,UPDATE
3120080,68,UPDATE
3120147,123,UPDATE
3120183,58,UPDATE
3120484,167,UPDATE
3120512,55,UPDATE
3120570,58,UPDATE
3120595,39,UPDATE
3120599,119,UPDATE
3120624,159,UPDATE
3120626,57,UPDATE
3120630,148,UPDATE
3120694,77,UPDATE
3120756,95,UPDATE
3120760,154,UPDATE
3120772,85,UPDATE
3120774,86,UPDATE
3120778,89,UPDATE
3120832,159,UPDATE
3120836,68,UPDATE
3120843,6,UPDATE
3120914,70,UPDATE
3120931,112,UPDATE
3121054,53,UPDATE
3121114,123,UPDATE
3121314,92,UPDATE
3121339,195,UPDATE
3121346,176,UPDATE
3121354,125,UPDATE
3121417,50,UPDATE
3121476,27,UPDATE
3121520,28,UPDATE
3121612,152,UPDATE
3121616,105,UPDATE
3121668,114,UPDATE
3121669,108,UPDATE
3121690,183,UPDATE
3121696,140,UPDATE
3121701,28,UPDATE
3121712,47,UPDATE
3121742,48,UPDATE
3121752,147,UPDATE
3121774,53,UPDATE
3121792,62,UPDATE
3121793,42,UPDATE
3121834,32,UPDATE
3121890,29,UPDATE
3121919,51,UPDATE
3121967,14,UPDATE
3121970,47,UPDATE
3122000,41,UPDATE
3122002,84,UPDATE
3122005,40,UPDATE
3122015,136,UPDATE
3122024,8,UPDATE
3122029,94,UPDATE
3122054,46,UPDATE
3122061,194,UPDATE
3122062,151,UPDATE
3122064,19,UPDATE
3122069,127,UPDATE
3122094,117,UPDATE
3122099,77,UPDATE
3122112,135,UPDATE
3122119,195,UPDATE
3122126,176,UPDATE
3122134,125,UPDATE
3122166,61,UPDATE
312227,23,UPDATE
3122288,12,UPDATE
3122332,13,UPDATE
3122424,75,UPDATE
3122456,114,UPDATE
3122457,108,UPDATE
3122480,56,UPDATE
3122500,47,UPDATE
3122524,22,UPDATE
3122554,53,UPDATE
3122586,25,UPDATE
3122707,51,UPDATE
3122731,24,UPDATE
3122747,14,UPDATE
3122750,47,UPDATE
3122782,23,UPDATE
3122790,84,UPDATE
3122793,40,UPDATE
3122803,136,UPDATE
3122814,41,UPDATE
3122817,19,UPDATE
3122834,46,UPDATE
3122841,194,UPDATE
3122842,151,UPDATE
3122844,19,UPDATE
3122849,127,UPDATE
3122866,22,UPDATE
3122873,96,UPDATE
3122874,75,UPDATE
3122900,135,UPDATE
3122906,58,UPDATE
3122924,67,UPDATE
3122938,92,UPDATE
3122970,176,UPDATE
3122978,125,UPDATE
3123041,51,UPDATE
3123100,27,UPDATE
3123144,28,UPDATE
3123325,28,UPDATE
3123336,39,UPDATE
3123366,48,UPDATE
3123376,122,UPDATE
3123398,53,UPDATE
3123417,40,UPDATE
3123458,32,UPDATE
3123514,29,UPDATE
3123543,51,UPDATE
3123591,14,UPDATE
3123594,47,UPDATE
3123621,197,UPDATE
3123624,41,UPDATE
3123629,40,UPDATE
3123639,136,UPDATE
3123648,8,UPDATE
3123653,94,UPDATE
3123678,46,UPDATE
3123685,194,UPDATE
3123686,119,UPDATE
3123688,19,UPDATE
3123693,127,UPDATE
3123723,39,UPDATE
3123736,137,UPDATE
3123750,176,UPDATE
3123758,127,UPDATE
3123790,62,UPDATE
312381,46,UPDATE
3123912,12,UPDATE
3123956,13,UPDATE
3124374,49,UPDATE
3124406,24,UPDATE
3124458,46,UPDATE
3124465,194,UPDATE
3124466,66,UPDATE
3124473,127,UPDATE
3124490,22,UPDATE
3124497,96,UPDATE
3124498,68,UPDATE
3124548,68,UPDATE
3124974,12,UPDATE
3125276,49,UPDATE
3125284,49,UPDATE
3125324,24,UPDATE
3125335,46,UPDATE
3125342,127,UPDATE
3125343,113,UPDATE
3125350,153,UPDATE
3125351,118,UPDATE
3125391,22,UPDATE
3125398,96,UPDATE
3125399,75,UPDATE
3125440,30,UPDATE
3125501,30,UPDATE
3125562,30,UPDATE
3125572,9,UPDATE
3125611,86,UPDATE
3125690,13,UPDATE
3125696,13,UPDATE
3125733,116,UPDATE
3125864,30,UPDATE
3125870,26,UPDATE
3125895,21,UPDATE
3125907,27,UPDATE
3125949,5,UPDATE
3125977,115,UPDATE
3126017,21,UPDATE
3126038,81,UPDATE
3126104,6,UPDATE
3126118,23,UPDATE
3126184,6,UPDATE
3126198,97,UPDATE
3126213,144,UPDATE
3126264,6,UPDATE
3126278,54,UPDATE
3126301,48,UPDATE
3126321,23,UPDATE
3126358,13,UPDATE
3126367,32,UPDATE
3126401,25,UPDATE
3126424,6,UPDATE
3126438,54,UPDATE
3126481,28,UPDATE
3126509,47,UPDATE
3126518,78,UPDATE
3126521,8,UPDATE
3126534,94,UPDATE
3126575,46,UPDATE
3126582,172,UPDATE
3126583,86,UPDATE
3126598,81,UPDATE
3126664,6,UPDATE
3126678,23,UPDATE
3126744,6,UPDATE
3126758,97,UPDATE
3126824,6,UPDATE
3126838,54,UPDATE
3126861,48,UPDATE
3126918,13,UPDATE
3126935,32,UPDATE
3126984,6,UPDATE
3126998,54,UPDATE
3127069,47,UPDATE
3127078,78,UPDATE
3127081,8,UPDATE
3127094,94,UPDATE
3127135,46,UPDATE
3127373,86,UPDATE
3127375,82,UPDATE
3127393,82,UPDATE
3127453,51,UPDATE
3127493,69,UPDATE
3127553,70,UPDATE
3127555,43,UPDATE
3127613,86,UPDATE
3127673,86,UPDATE
3127682,10,UPDATE
3127691,91,UPDATE
3127733,86,UPDATE
3127745,78,UPDATE
3127751,91,UPDATE
3127753,90,UPDATE
3127758,92,UPDATE
3127773,101,UPDATE
3127786,6,UPDATE
3127838,31,UPDATE
3127866,6,UPDATE
3127883,12,UPDATE
3127918,92,UPDATE
3127946,6,UPDATE
3127998,82,UPDATE
3128026,6,UPDATE
3128078,77,UPDATE
3128106,6,UPDATE
3128158,92,UPDATE
3128186,6,UPDATE
3128229,24,UPDATE
3128238,88,UPDATE
3128239,46,UPDATE
3128254,121,UPDATE
3128255,99,UPDATE
3128262,127,UPDATE
3128266,6,UPDATE
3128295,22,UPDATE
3128302,96,UPDATE
3128303,75,UPDATE
3128318,70,UPDATE
3128384,6,UPDATE
3128398,31,UPDATE
3128464,6,UPDATE
3128478,70,UPDATE
3128544,6,UPDATE
3128558,70,UPDATE
3128638,70,UPDATE
3128704,6,UPDATE
3128718,70,UPDATE
3128789,24,UPDATE
3128798,70,UPDATE
3128799,36,UPDATE
3128814,117,UPDATE
3128815,99,UPDATE
3128855,22,UPDATE
3128863,75,UPDATE
3129147,13,UPDATE
3129153,13,UPDATE
3129318,26,UPDATE
3129376,99,UPDATE
3129402,19,UPDATE
3129471,67,UPDATE
3129506,81,UPDATE
3129572,6,UPDATE
3129586,23,UPDATE
3129652,6,UPDATE
3129666,97,UPDATE
3129681,166,UPDATE
3129732,6,UPDATE
3129746,54,UPDATE
3129769,48,UPDATE
3129789,23,UPDATE
3129795,123,UPDATE
3129826,13,UPDATE
3129835,32,UPDATE
3129869,25,UPDATE
3129892,6,UPDATE
3129906,54,UPDATE
3129949,28,UPDATE
3129977,47,UPDATE
3129986,78,UPDATE
3129989,8,UPDATE
3130002,94,UPDATE
3130043,46,UPDATE
3130050,172,UPDATE
3130051,96,UPDATE
3130066,81,UPDATE
3130132,6,UPDATE
3130146,23,UPDATE
3130212,6,UPDATE
3130226,97,UPDATE
3130292,6,UPDATE
3130306,54,UPDATE
3130329,48,UPDATE
3130355,122,UPDATE
3130386,13,UPDATE
3130403,32,UPDATE
3130452,6,UPDATE
3130466,54,UPDATE
3130537,47,UPDATE
3130546,78,UPDATE
3130549,8,UPDATE
3130562,94,UPDATE
3130603,46,UPDATE
3130841,86,UPDATE
3130861,82,UPDATE
3130921,51,UPDATE
3130961,69,UPDATE
3131021,70,UPDATE
3131081,86,UPDATE
3131141,86,UPDATE
3131150,10,UPDATE
3131201,86,UPDATE
3131221,106,UPDATE
3131226,92,UPDATE
3131241,101,UPDATE
3131254,7,UPDATE
3131306,31,UPDATE
3131334,7,UPDATE
3131351,12,UPDATE
3131386,92,UPDATE
3131414,7,UPDATE
3131466,82,UPDATE
3131494,7,UPDATE
3131546,77,UPDATE
3131574,7,UPDATE
3131626,92,UPDATE
3131654,7,UPDATE
3131697,24,UPDATE
3131706,88,UPDATE
3131707,46,UPDATE
3131722,121,UPDATE
3131723,66,UPDATE
3131730,127,UPDATE
3131734,7,UPDATE
3131763,22,UPDATE
3131770,96,UPDATE
3131771,68,UPDATE
3131786,70,UPDATE
3131852,6,UPDATE
3131866,31,UPDATE
3131932,6,UPDATE
3131946,70,UPDATE
3132012,6,UPDATE
3132026,70,UPDATE
3132106,70,UPDATE
3132172,6,UPDATE
3132186,70,UPDATE
3132257,24,UPDATE
3132266,70,UPDATE
3132267,36,UPDATE
3132282,117,UPDATE
3132283,66,UPDATE
3132323,22,UPDATE
3132331,68,UPDATE
3132615,13,UPDATE
3132621,13,UPDATE
3132939,67,UPDATE
3132950,81,UPDATE
3133016,6,UPDATE
3133030,23,UPDATE
3133096,6,UPDATE
3133110,97,UPDATE
3133125,166,UPDATE
3133176,6,UPDATE
3133190,54,UPDATE
3133213,48,UPDATE
3133233,23,UPDATE
3133239,148,UPDATE
3133270,13,UPDATE
3133279,32,UPDATE
3133313,25,UPDATE
3133336,6,UPDATE
3133350,54,UPDATE
3133393,28,UPDATE
3133421,47,UPDATE
3133430,78,UPDATE
3133433,8,UPDATE
3133446,94,UPDATE
3133487,46,UPDATE
3133494,172,UPDATE
3133495,96,UPDATE
3133510,81,UPDATE
3133576,6,UPDATE
3133590,23,UPDATE
3133656,6,UPDATE
3133670,97,UPDATE
3133736,6,UPDATE
3133750,54,UPDATE
3133773,48,UPDATE
3133799,147,UPDATE
3133830,13,UPDATE
3133847,32,UPDATE
3133896,6,UPDATE
3133910,54,UPDATE
3133981,47,UPDATE
3133990,78,UPDATE
3133993,8,UPDATE
3134006,94,UPDATE
3134047,46,UPDATE
313407,56,UPDATE
3134093,47,UPDATE
313411,52,UPDATE
3134153,47,UPDATE
3134213,47,UPDATE
3134393,125,UPDATE
3134405,69,UPDATE
3134465,70,UPDATE
3134467,43,UPDATE
3134573,125,UPDATE
3134585,86,UPDATE
3134586,134,UPDATE
3134594,10,UPDATE
3134633,93,UPDATE
3134645,86,UPDATE
3134665,106,UPDATE
3134670,92,UPDATE
3134685,101,UPDATE
3134698,6,UPDATE
3134750,31,UPDATE
3134778,6,UPDATE
3134795,12,UPDATE
3134830,92,UPDATE
3134858,6,UPDATE
3134910,82,UPDATE
3134938,6,UPDATE
3134990,77,UPDATE
3135018,6,UPDATE
3135070,92,UPDATE
3135098,6,UPDATE
3135141,23,UPDATE
3135150,88,UPDATE
3135151,46,UPDATE
3135166,121,UPDATE
3135167,151,UPDATE
3135174,127,UPDATE
3135178,6,UPDATE
3135207,22,UPDATE
3135214,96,UPDATE
3135215,75,UPDATE
3135230,70,UPDATE
3135296,6,UPDATE
3135310,31,UPDATE
3135376,6,UPDATE
3135390,70,UPDATE
3135456,6,UPDATE
3135470,70,UPDATE
3135550,70,UPDATE
3135616,6,UPDATE
3135630,70,UPDATE
3135701,23,UPDATE
3135710,70,UPDATE
3135711,36,UPDATE
3135726,117,UPDATE
3135727,110,UPDATE
3135767,22,UPDATE
3135775,75,UPDATE
3135873,42,UPDATE
3136053,76,UPDATE
3136059,13,UPDATE
3136065,13,UPDATE
3136173,62,UPDATE
3136230,26,UPDATE
3136236,32,UPDATE
3136288,98,UPDATE
3136293,82,UPDATE
3136314,19,UPDATE
3136353,82,UPDATE
3136383,67,UPDATE
3136390,50,UPDATE
3136418,6,UPDATE
3136470,31,UPDATE
3136498,6,UPDATE
3136515,12,UPDATE
3136550,50,UPDATE
3136578,6,UPDATE
3136630,50,UPDATE
3136658,6,UPDATE
3136710,50,UPDATE
3136738,6,UPDATE
3136790,50,UPDATE
3136818,6,UPDATE
3136861,23,UPDATE
3136870,50,UPDATE
3136871,46,UPDATE
3136887,75,UPDATE
3136898,6,UPDATE
3136927,22,UPDATE
3136934,81,UPDATE
3136950,44,UPDATE
3137016,6,UPDATE
3137030,31,UPDATE
3137096,6,UPDATE
3137110,44,UPDATE
3137176,6,UPDATE
3137190,44,UPDATE
3137270,44,UPDATE
3137336,6,UPDATE
3137350,44,UPDATE
3137421,24,UPDATE
3137430,44,UPDATE
3137431,36,UPDATE
3137447,41,UPDATE
3137487,22,UPDATE
3137495,28,UPDATE
3137593,42,UPDATE
3137773,68,UPDATE
3137779,13,UPDATE
3137785,13,UPDATE
3137893,62,UPDATE
3137950,26,UPDATE
3137956,28,UPDATE
3138008,98,UPDATE
3138013,68,UPDATE
3138034,19,UPDATE
3138073,68,UPDATE
3138110,92,UPDATE
3138125,101,UPDATE
3138138,7,UPDATE
3138190,31,UPDATE
3138218,7,UPDATE
3138235,12,UPDATE
3138270,92,UPDATE
3138298,7,UPDATE
3138350,82,UPDATE
3138378,7,UPDATE
3138430,77,UPDATE
3138458,7,UPDATE
3138510,92,UPDATE
3138538,7,UPDATE
3138581,24,UPDATE
3138590,88,UPDATE
3138591,46,UPDATE
3138606,121,UPDATE
3138607,66,UPDATE
3138614,127,UPDATE
3138618,7,UPDATE
3138647,22,UPDATE
3138654,96,UPDATE
3138655,68,UPDATE
3138670,70,UPDATE
3138736,6,UPDATE
3138750,31,UPDATE
3138816,6,UPDATE
3138830,70,UPDATE
3138896,6,UPDATE
3138910,70,UPDATE
3138990,70,UPDATE
3139056,6,UPDATE
3139070,70,UPDATE
3139141,24,UPDATE
3139150,70,UPDATE
3139151,36,UPDATE
3139166,117,UPDATE
3139167,66,UPDATE
3139207,22,UPDATE
3139215,68,UPDATE
3139499,13,UPDATE
3139505,13,UPDATE
3139823,67,UPDATE
3139850,81,UPDATE
3139916,6,UPDATE
3139930,23,UPDATE
3139996,6,UPDATE
3140010,97,UPDATE
3140025,166,UPDATE
3140076,6,UPDATE
3140090,54,UPDATE
3140113,48,UPDATE
3140133,23,UPDATE
3140139,148,UPDATE
3140170,13,UPDATE
3140179,32,UPDATE
3140213,25,UPDATE
3140236,6,UPDATE
3140250,54,UPDATE
3140293,28,UPDATE
3140321,47,UPDATE
3140330,78,UPDATE
3140333,8,UPDATE
3140346,94,UPDATE
314038,73,UPDATE
3140387,46,UPDATE
3140394,172,UPDATE
3140395,96,UPDATE
3140410,81,UPDATE
3140476,6,UPDATE
3140490,23,UPDATE
3140556,6,UPDATE
3140570,97,UPDATE
3140636,6,UPDATE
3140650,54,UPDATE
3140673,48,UPDATE
3140699,147,UPDATE
3140730,13,UPDATE
3140747,32,UPDATE
3140796,6,UPDATE
3140810,54,UPDATE
3140881,47,UPDATE
3140890,78,UPDATE
3140893,8,UPDATE
3140906,94,UPDATE
3140947,46,UPDATE
3140993,47,UPDATE
3141053,47,UPDATE
314109,5,UPDATE
3141113,47,UPDATE
3141185,86,UPDATE
3141233,45,UPDATE
3141247,41,UPDATE
3141265,51,UPDATE
3141293,125,UPDATE
3141305,69,UPDATE
3141365,70,UPDATE
3141367,43,UPDATE
3141413,82,UPDATE
3141425,86,UPDATE
3141473,125,UPDATE
3141485,86,UPDATE
3141486,134,UPDATE
3141494,10,UPDATE
3141533,93,UPDATE
3141545,86,UPDATE
3141570,92,UPDATE
3141585,101,UPDATE
3141598,6,UPDATE
3141650,31,UPDATE
3141678,6,UPDATE
3141695,12,UPDATE
3141730,92,UPDATE
3141758,6,UPDATE
3141810,82,UPDATE
3141838,6,UPDATE
3141890,77,UPDATE
3141918,6,UPDATE
3141970,92,UPDATE
3141998,6,UPDATE
3142041,23,UPDATE
3142050,88,UPDATE
3142051,46,UPDATE
3142066,121,UPDATE
3142067,151,UPDATE
3142074,127,UPDATE
3142078,6,UPDATE
3142107,22,UPDATE
3142114,96,UPDATE
3142115,75,UPDATE
3142130,70,UPDATE
3142196,6,UPDATE
3142210,31,UPDATE
3142276,6,UPDATE
3142290,70,UPDATE
3142356,6,UPDATE
3142370,70,UPDATE
3142450,70,UPDATE
3142516,6,UPDATE
3142530,70,UPDATE
3142601,23,UPDATE
3142610,70,UPDATE
3142611,36,UPDATE
3142626,117,UPDATE
3142627,110,UPDATE
3142667,22,UPDATE
3142675,75,UPDATE
3142773,42,UPDATE
3142953,76,UPDATE
3142959,13,UPDATE
3142965,13,UPDATE
3143073,62,UPDATE
3143130,26,UPDATE
3143136,32,UPDATE
3143188,98,UPDATE
3143193,82,UPDATE
3143214,19,UPDATE
3143253,82,UPDATE
3143283,67,UPDATE
3143492,18,UPDATE
3143503,27,UPDATE
3144030,97,UPDATE
3144045,166,UPDATE
3144063,174,UPDATE
3144073,23,UPDATE
3144085,122,UPDATE
3144087,60,UPDATE
3144096,6,UPDATE
3144128,97,UPDATE
3144131,55,UPDATE
3144160,119,UPDATE
3144185,60,UPDATE
3144194,6,UPDATE
3144249,47,UPDATE
3144317,95,UPDATE
3144321,125,UPDATE
3144333,86,UPDATE
3144335,86,UPDATE
3144353,139,UPDATE
3144376,92,UPDATE
3144393,159,UPDATE
3144404,6,UPDATE
3144475,70,UPDATE
3144492,112,UPDATE
3144532,60,UPDATE
3144541,6,UPDATE
3144596,42,UPDATE
3144615,52,UPDATE
3144669,82,UPDATE
314720,11,UPDATE
314900,7,UPDATE
3152723,51,UPDATE
3152731,142,UPDATE
3152739,144,UPDATE
3152747,99,UPDATE
3152762,170,UPDATE
3152779,51,UPDATE
3152795,191,UPDATE
315331,134,UPDATE
315338,115,UPDATE
3154076,34,UPDATE
3154096,187,UPDATE
3154855,151,UPDATE
3154877,78,UPDATE
3154878,78,UPDATE
3155345,21,UPDATE
3155353,23,UPDATE
3155359,103,UPDATE
3155361,99,UPDATE
3155370,119,UPDATE
3155388,108,UPDATE
3156355,54,UPDATE
3156435,9,UPDATE
3156447,2,UPDATE
3157610,180,UPDATE
3157611,160,UPDATE
315941,45,UPDATE
315961,153,UPDATE
316215,63,UPDATE
316216,125,UPDATE
316235,139,UPDATE
316393,76,UPDATE
316415,117,UPDATE
316497,83,UPDATE
316505,11,UPDATE
316903,109,UPDATE
316908,55,UPDATE
317965,146,UPDATE
317976,71,UPDATE
3185209,0,UPDATE
3185331,17,UPDATE
3185333,27,UPDATE
3185347,17,UPDATE
3185543,12,UPDATE
3185589,12,UPDATE
3185605,12,UPDATE
3185621,12,UPDATE
3187615,183,UPDATE
3187616,183,UPDATE
3187787,43,UPDATE
3188256,164,UPDATE
3188257,131,UPDATE
3188258,108,UPDATE
3188259,93,UPDATE
3188260,81,UPDATE
3188298,31,UPDATE
318830,17,UPDATE
3188300,9,UPDATE
3188318,68,UPDATE
3188355,11,UPDATE
3188403,24,UPDATE
318847,44,UPDATE
3188507,24,UPDATE
318859,168,UPDATE
3188884,107,UPDATE
3189033,185,UPDATE
3189285,35,UPDATE
318948,74,UPDATE
3190219,43,UPDATE
3190297,43,UPDATE
3191936,15,UPDATE
3191956,15,UPDATE
3192211,43,UPDATE
3192231,43,UPDATE
3192232,121,UPDATE
319237,116,UPDATE
319290,44,UPDATE
319296,162,UPDATE
319298,48,UPDATE
319300,91,UPDATE
319306,198,UPDATE
319320,158,UPDATE
319336,25,UPDATE
319339,107,UPDATE
319367,19,UPDATE
3193906,15,UPDATE
3194116,43,UPDATE
3195636,26,UPDATE
319569,110,UPDATE
3196414,41,UPDATE
3196660,87,UPDATE
3196716,168,UPDATE
3196764,168,UPDATE
3196899,94,UPDATE
3196954,168,UPDATE
3197002,168,UPDATE
319871,127,UPDATE
3198771,7,UPDATE
3198899,7,UPDATE
3198963,7,UPDATE
3198977,26,UPDATE
3199027,7,UPDATE
3199041,26,UPDATE
3199091,7,UPDATE
3199105,26,UPDATE
3199556,9,UPDATE
3199684,9,UPDATE
3199748,9,UPDATE
3199876,9,UPDATE
319991,44,UPDATE
3200004,9,UPDATE
3200632,65,UPDATE
3200807,28,UPDATE
3200810,94,UPDATE
3201024,143,UPDATE
3201029,35,UPDATE
3201039,17,UPDATE
3201060,153,UPDATE
3201083,17,UPDATE
3201093,96,UPDATE
3201418,124,UPDATE
3201423,124,UPDATE
3201428,35,UPDATE
3201710,61,UPDATE
3202363,35,UPDATE
3202368,35,UPDATE
320308,59,UPDATE
320329,109,UPDATE
320335,26,UPDATE
320354,32,UPDATE
320363,40,UPDATE
3203719,122,UPDATE
3203966,128,UPDATE
3203967,149,UPDATE
3203968,55,UPDATE
3203990,128,UPDATE
3203991,149,UPDATE
3203992,55,UPDATE
3204014,128,UPDATE
3204015,149,UPDATE
3204016,55,UPDATE
3204082,141,UPDATE
3204106,141,UPDATE
3204130,141,UPDATE
3204222,157,UPDATE
3204236,157,UPDATE
3204250,157,UPDATE
3204278,69,UPDATE
3204300,69,UPDATE
3204322,69,UPDATE
3204359,51,UPDATE
3204383,51,UPDATE
3204407,51,UPDATE
3204425,45,UPDATE
3204439,45,UPDATE
3204453,45,UPDATE
3204475,120,UPDATE
3204499,120,UPDATE
3204523,120,UPDATE
3204766,65,UPDATE
3204780,65,UPDATE
3204794,65,UPDATE
320483,92,UPDATE
3205087,113,UPDATE
3205109,113,UPDATE
3205131,113,UPDATE
3205136,63,UPDATE
3205149,42,UPDATE
3205150,63,UPDATE
3205163,42,UPDATE
3205164,63,UPDATE
3205177,42,UPDATE
3206524,58,UPDATE
3206541,79,UPDATE
3206542,67,UPDATE
320686,35,UPDATE
3206976,30,UPDATE
3206977,30,UPDATE
3206978,30,UPDATE
3206984,47,UPDATE
3206993,47,UPDATE
3207002,47,UPDATE
3207005,30,UPDATE
320707,188,UPDATE
3207297,28,UPDATE
3207357,31,UPDATE
320756,129,UPDATE
3207601,6,UPDATE
3207609,127,UPDATE
3207751,41,UPDATE
320786,48,UPDATE
3207891,7,UPDATE
3207904,26,UPDATE
3207908,26,UPDATE
3207923,103,UPDATE
3207975,51,UPDATE
3208075,52,UPDATE
3208157,44,UPDATE
3208338,51,UPDATE
3208354,26,UPDATE
3208357,68,UPDATE
3208386,21,UPDATE
3208513,41,UPDATE
3208583,15,UPDATE
3208643,26,UPDATE
3208697,51,UPDATE
3208775,52,UPDATE
3208839,44,UPDATE
3208997,15,UPDATE
3209005,87,UPDATE
3209009,150,UPDATE
3209012,90,UPDATE
3209016,113,UPDATE
3209019,90,UPDATE
3209030,150,UPDATE
3209033,85,UPDATE
320905,106,UPDATE
3209053,13,UPDATE
320906,105,UPDATE
3209060,13,UPDATE
320911,73,UPDATE
3209223,18,UPDATE
3209267,40,UPDATE
3209274,80,UPDATE
320951,79,UPDATE
3210156,46,UPDATE
321036,199,UPDATE
321091,63,UPDATE
321110,86,UPDATE
3211260,92,UPDATE
3211272,60,UPDATE
3211284,45,UPDATE
3211296,36,UPDATE
3211308,29,UPDATE
3211332,32,UPDATE
3211344,33,UPDATE
3211356,19,UPDATE
3211368,15,UPDATE
3211380,52,UPDATE
3211392,52,UPDATE
3211404,45,UPDATE
3211416,36,UPDATE
3211428,29,UPDATE
321180,18,UPDATE
321187,91,UPDATE
321215,125,UPDATE
3213683,41,UPDATE
3213836,26,UPDATE
3213840,26,UPDATE
3213855,103,UPDATE
3213907,51,UPDATE
3214001,52,UPDATE
3214083,44,UPDATE
3214234,5,UPDATE
3214516,25,UPDATE
3214657,62,UPDATE
3214667,62,UPDATE
3214677,62,UPDATE
3214687,62,UPDATE
3214697,62,UPDATE
3214707,62,UPDATE
3214715,94,UPDATE
3214720,94,UPDATE
3214725,84,UPDATE
3214730,93,UPDATE
3214735,94,UPDATE
3214740,94,UPDATE
3214745,84,UPDATE
3214750,93,UPDATE
3214755,94,UPDATE
3214760,94,UPDATE
3214765,94,UPDATE
3214770,94,UPDATE
3214777,62,UPDATE
3214787,62,UPDATE
3214797,62,UPDATE
3214807,62,UPDATE
3214817,62,UPDATE
3214827,62,UPDATE
3216212,26,UPDATE
3216261,11,UPDATE
3216569,29,UPDATE
3216576,20,UPDATE
3216590,18,UPDATE
3216608,14,UPDATE
3216727,27,UPDATE
3216745,27,UPDATE
3216775,2,UPDATE
321824,70,UPDATE
321926,6,UPDATE
321991,149,UPDATE
322097,60,UPDATE
322161,72,UPDATE
322165,134,UPDATE
322250,5,UPDATE
322351,11,UPDATE
322355,198,UPDATE
322812,66,UPDATE
3228276,38,UPDATE
3228278,18,UPDATE
3228282,75,UPDATE
3228284,34,UPDATE
322839,27,UPDATE
323414,179,UPDATE
323424,139,UPDATE
323440,131,UPDATE
323529,17,UPDATE
323606,96,UPDATE
323748,46,UPDATE
323754,30,UPDATE
323757,72,UPDATE
323806,181,UPDATE
323811,117,UPDATE
323816,59,UPDATE
323817,183,UPDATE
323830,164,UPDATE
323832,90,UPDATE
323836,156,UPDATE
323842,76,UPDATE
323848,69,UPDATE
323875,66,UPDATE
323880,60,UPDATE
323883,84,UPDATE
323888,41,UPDATE
323895,154,UPDATE
323952,54,UPDATE
323953,30,UPDATE
323976,42,UPDATE
324756,22,UPDATE
324766,98,UPDATE
324768,15,UPDATE
324827,197,UPDATE
3249307,79,UPDATE
3249317,79,UPDATE
3249327,79,UPDATE
3249357,79,UPDATE
3249367,79,UPDATE
3249397,79,UPDATE
3249407,79,UPDATE
3249847,79,UPDATE
3249857,79,UPDATE
324997,59,UPDATE
3250995,91,UPDATE
3250997,118,UPDATE
3251005,91,UPDATE
3251007,118,UPDATE
3251015,44,UPDATE
3251025,44,UPDATE
3251035,91,UPDATE
3251037,58,UPDATE
3251045,44,UPDATE
3251047,58,UPDATE
3251067,58,UPDATE
3251077,118,UPDATE
3251085,91,UPDATE
3251087,58,UPDATE
3251097,118,UPDATE
3251107,28,UPDATE
3251117,28,UPDATE
3251127,118,UPDATE
3251137,118,UPDATE
3251145,91,UPDATE
3251147,118,UPDATE
3251155,91,UPDATE
3251157,118,UPDATE
3251165,44,UPDATE
3251175,44,UPDATE
3251185,157,UPDATE
3251187,118,UPDATE
3251195,157,UPDATE
3251197,118,UPDATE
3251205,91,UPDATE
3251207,118,UPDATE
3251215,91,UPDATE
3251217,118,UPDATE
3251225,44,UPDATE
3251235,44,UPDATE
3251245,79,UPDATE
3251255,79,UPDATE
3251267,118,UPDATE
3251277,118,UPDATE
3251287,118,UPDATE
3251297,118,UPDATE
3251307,118,UPDATE
3251317,118,UPDATE
3251327,118,UPDATE
3251337,118,UPDATE
3251347,118,UPDATE
3251357,118,UPDATE
3251367,118,UPDATE
3251377,118,UPDATE
3251407,118,UPDATE
3251417,118,UPDATE
3251427,118,UPDATE
3251437,118,UPDATE
3251467,118,UPDATE
3251477,118,UPDATE
3251487,58,UPDATE
3251497,58,UPDATE
3251507,58,UPDATE
3251517,58,UPDATE
3251525,79,UPDATE
3251535,79,UPDATE
3251547,58,UPDATE
325155,49,UPDATE
3251555,79,UPDATE
3251565,79,UPDATE
3251575,79,UPDATE
3251585,79,UPDATE
3251597,118,UPDATE
3251607,118,UPDATE
3251615,79,UPDATE
3251625,79,UPDATE
3251635,79,UPDATE
3251645,79,UPDATE
3251655,44,UPDATE
3251665,44,UPDATE
3251677,118,UPDATE
3251687,118,UPDATE
3251695,79,UPDATE
3251705,79,UPDATE
3251715,79,UPDATE
3251727,118,UPDATE
3251737,118,UPDATE
3251747,118,UPDATE
3251757,118,UPDATE
3251767,118,UPDATE
3251777,118,UPDATE
3251787,118,UPDATE
3251797,118,UPDATE
3251807,118,UPDATE
3251817,118,UPDATE
3251827,118,UPDATE
3251837,118,UPDATE
3251847,118,UPDATE
3251857,118,UPDATE
3251867,118,UPDATE
3252195,91,UPDATE
3252205,91,UPDATE
325221,7,UPDATE
3252215,44,UPDATE
3252225,44,UPDATE
3252245,44,UPDATE
3252405,91,UPDATE
3252425,44,UPDATE
3252435,44,UPDATE
3252445,79,UPDATE
3252455,79,UPDATE
3252755,79,UPDATE
3252765,79,UPDATE
3252775,79,UPDATE
3252785,79,UPDATE
3252815,79,UPDATE
3252825,79,UPDATE
3252835,79,UPDATE
3252845,79,UPDATE
3252855,44,UPDATE
3252865,44,UPDATE
3252895,79,UPDATE
3252905,79,UPDATE
3252915,79,UPDATE
3253395,91,UPDATE
3253405,91,UPDATE
3253415,44,UPDATE
3253425,44,UPDATE
3253445,44,UPDATE
3253605,91,UPDATE
3253615,91,UPDATE
3253625,44,UPDATE
3253635,44,UPDATE
3253645,79,UPDATE
3253655,79,UPDATE
3253955,79,UPDATE
3253965,79,UPDATE
3253975,79,UPDATE
3253985,79,UPDATE
3254015,79,UPDATE
3254025,79,UPDATE
3254035,79,UPDATE
3254045,79,UPDATE
3254055,44,UPDATE
3254065,44,UPDATE
3254095,79,UPDATE
3254105,79,UPDATE
3254115,79,UPDATE
325435,0,UPDATE
3254595,91,UPDATE
3254605,91,UPDATE
3254615,44,UPDATE
3254625,44,UPDATE
3254645,44,UPDATE
3254805,91,UPDATE
3254815,91,UPDATE
3254825,44,UPDATE
3254835,44,UPDATE
3254845,79,UPDATE
3254855,79,UPDATE
3255155,79,UPDATE
3255165,79,UPDATE
3255175,79,UPDATE
3255185,79,UPDATE
3255215,79,UPDATE
3255225,79,UPDATE
3255235,79,UPDATE
3255245,79,UPDATE
3255255,44,UPDATE
3255265,44,UPDATE
3255295,79,UPDATE
3255305,79,UPDATE
3255315,79,UPDATE
325543,126,UPDATE
325555,173,UPDATE
325567,125,UPDATE
325570,18,UPDATE
3255918,79,UPDATE
3255925,44,UPDATE
3255932,79,UPDATE
3255946,79,UPDATE
3256100,79,UPDATE
3256128,79,UPDATE
3256233,79,UPDATE
3256324,91,UPDATE
3256326,118,UPDATE
3256331,44,UPDATE
3256338,91,UPDATE
3256340,58,UPDATE
3256345,44,UPDATE
3256347,58,UPDATE
3256361,58,UPDATE
3256368,118,UPDATE
3256373,91,UPDATE
3256375,58,UPDATE
3256382,118,UPDATE
3256389,28,UPDATE
3256396,118,UPDATE
3256401,91,UPDATE
3256403,118,UPDATE
3256408,44,UPDATE
3256415,157,UPDATE
3256417,118,UPDATE
3256422,91,UPDATE
3256424,118,UPDATE
3256429,44,UPDATE
3256436,79,UPDATE
3256445,118,UPDATE
3256452,118,UPDATE
3256459,118,UPDATE
3256464,79,UPDATE
3256471,79,UPDATE
3256478,79,UPDATE
3256485,79,UPDATE
3256494,118,UPDATE
3256499,79,UPDATE
3256506,79,UPDATE
3256515,118,UPDATE
3256520,79,UPDATE
3256529,58,UPDATE
3256534,79,UPDATE
3256541,79,UPDATE
3256548,79,UPDATE
3256557,118,UPDATE
3256562,79,UPDATE
3256569,79,UPDATE
3256576,44,UPDATE
3256585,118,UPDATE
3256590,79,UPDATE
3256599,118,UPDATE
3256606,118,UPDATE
3256613,118,UPDATE
3256620,118,UPDATE
3256627,118,UPDATE
325663,12,UPDATE
3256634,118,UPDATE
3256641,118,UPDATE
3256648,118,UPDATE
3256653,44,UPDATE
3256660,157,UPDATE
3256662,118,UPDATE
3256669,58,UPDATE
3256674,91,UPDATE
3256676,58,UPDATE
3256683,118,UPDATE
3256688,79,UPDATE
3256697,118,UPDATE
3256702,79,UPDATE
3256709,79,UPDATE
3256718,38,UPDATE
3256725,38,UPDATE
3256730,79,UPDATE
3256746,118,UPDATE
3256753,118,UPDATE
3256760,118,UPDATE
3256765,91,UPDATE
3256772,44,UPDATE
3256786,44,UPDATE
3256842,91,UPDATE
3256849,44,UPDATE
3256856,156,UPDATE
3256863,91,UPDATE
3256870,44,UPDATE
3256877,79,UPDATE
3256905,79,UPDATE
3256912,79,UPDATE
3256919,79,UPDATE
3256926,79,UPDATE
3256940,79,UPDATE
3256947,79,UPDATE
3256961,79,UPDATE
3256975,79,UPDATE
3256982,79,UPDATE
3256989,79,UPDATE
3257003,79,UPDATE
3257010,79,UPDATE
3257017,44,UPDATE
3257031,79,UPDATE
3257094,44,UPDATE
3257101,156,UPDATE
3257129,79,UPDATE
3257143,79,UPDATE
3257150,79,UPDATE
3257171,63,UPDATE
3257213,44,UPDATE
3257227,44,UPDATE
3257311,44,UPDATE
3257318,79,UPDATE
3257346,79,UPDATE
3257353,79,UPDATE
3257360,79,UPDATE
3257423,79,UPDATE
3257430,79,UPDATE
3257444,79,UPDATE
3257451,79,UPDATE
3257472,79,UPDATE
3257647,91,UPDATE
3257654,44,UPDATE
3257668,44,UPDATE
3257724,91,UPDATE
3257731,44,UPDATE
3257738,156,UPDATE
3257745,91,UPDATE
3257752,44,UPDATE
3257759,79,UPDATE
3257787,79,UPDATE
3257794,79,UPDATE
3257801,79,UPDATE
3257808,79,UPDATE
3257822,79,UPDATE
3257829,79,UPDATE
3257843,79,UPDATE
3257864,79,UPDATE
3257871,79,UPDATE
3257885,79,UPDATE
3257892,79,UPDATE
3257913,79,UPDATE
3258159,91,UPDATE
3258166,91,UPDATE
3258173,44,UPDATE
3258180,44,UPDATE
3258194,44,UPDATE
3258264,91,UPDATE
3258271,91,UPDATE
3258278,44,UPDATE
3258285,44,UPDATE
3258292,156,UPDATE
3258299,156,UPDATE
3258306,91,UPDATE
3258313,91,UPDATE
3258320,44,UPDATE
3258327,44,UPDATE
3258334,79,UPDATE
3258341,79,UPDATE
3258530,77,UPDATE
3258537,77,UPDATE
3258551,77,UPDATE
3258558,77,UPDATE
3258565,77,UPDATE
3258572,77,UPDATE
3258593,79,UPDATE
3258600,79,UPDATE
3258607,79,UPDATE
3258614,79,UPDATE
3258621,44,UPDATE
3258628,44,UPDATE
3258649,79,UPDATE
3258656,79,UPDATE
3258663,79,UPDATE
3258775,44,UPDATE
3258782,44,UPDATE
3258789,156,UPDATE
3258796,156,UPDATE
3258845,79,UPDATE
3258852,79,UPDATE
3258873,79,UPDATE
3258880,79,UPDATE
3258887,79,UPDATE
3258894,79,UPDATE
3258929,50,UPDATE
3258936,50,UPDATE
3259020,44,UPDATE
3259160,44,UPDATE
3259167,44,UPDATE
3259174,65,UPDATE
3259181,65,UPDATE
325919,68,UPDATE
3259433,65,UPDATE
3259440,65,UPDATE
3259447,65,UPDATE
3259454,65,UPDATE
3259461,44,UPDATE
3259489,65,UPDATE
3259496,65,UPDATE
3259503,65,UPDATE
3259839,91,UPDATE
3259846,91,UPDATE
3259853,44,UPDATE
3259860,44,UPDATE
3259874,44,UPDATE
3259944,91,UPDATE
3259951,91,UPDATE
3259958,44,UPDATE
3259965,44,UPDATE
3259972,153,UPDATE
3259979,153,UPDATE
3259986,91,UPDATE
3259993,91,UPDATE
3260000,44,UPDATE
3260007,44,UPDATE
3260014,79,UPDATE
3260021,79,UPDATE
3260210,74,UPDATE
3260217,74,UPDATE
3260231,74,UPDATE
3260238,74,UPDATE
3260245,74,UPDATE
3260252,74,UPDATE
3260273,79,UPDATE
3260280,79,UPDATE
3260287,79,UPDATE
3260294,79,UPDATE
3260301,44,UPDATE
3260308,44,UPDATE
3260329,79,UPDATE
3260336,79,UPDATE
3260343,79,UPDATE
3260455,44,UPDATE
3260462,44,UPDATE
3260469,153,UPDATE
3260476,153,UPDATE
3260525,79,UPDATE
3260532,79,UPDATE
3260553,79,UPDATE
3260560,79,UPDATE
3260567,79,UPDATE
3260574,79,UPDATE
3260609,48,UPDATE
3260616,48,UPDATE
326104,16,UPDATE
3261288,79,UPDATE
3261298,79,UPDATE
3261308,79,UPDATE
326519,160,UPDATE
326532,18,UPDATE
326534,113,UPDATE
3266353,147,UPDATE
326640,29,UPDATE
3266403,147,UPDATE
3266413,147,UPDATE
3266553,147,UPDATE
3266563,147,UPDATE
3266573,147,UPDATE
326658,197,UPDATE
3266583,147,UPDATE
3266593,147,UPDATE
3266603,147,UPDATE
3266613,147,UPDATE
3266623,147,UPDATE
3266753,147,UPDATE
3266763,147,UPDATE
3266793,147,UPDATE
326858,28,UPDATE
326859,176,UPDATE
326867,137,UPDATE
326891,155,UPDATE
326920,4,UPDATE
326940,84,UPDATE
326943,10,UPDATE
3269613,66,UPDATE
326962,91,UPDATE
3269665,66,UPDATE
326967,95,UPDATE
326975,63,UPDATE
3269773,66,UPDATE
3269780,66,UPDATE
3269787,66,UPDATE
3269808,23,UPDATE
326997,39,UPDATE
3270089,66,UPDATE
3270096,66,UPDATE
3270103,66,UPDATE
3270124,23,UPDATE
327167,51,UPDATE
327171,18,UPDATE
3276538,3,UPDATE
3276539,103,UPDATE
3276560,125,UPDATE
3276643,3,UPDATE
3276646,58,UPDATE
3276663,20,UPDATE
327677,13,UPDATE
3277233,3,UPDATE
3277255,3,UPDATE
3277256,3,UPDATE
3277524,3,UPDATE
3277529,3,UPDATE
3277530,3,UPDATE
3277629,3,UPDATE
3277630,3,UPDATE
3277632,3,UPDATE
3277648,3,UPDATE
3278764,20,UPDATE
3279729,48,UPDATE
3279816,4,UPDATE
3279903,11,UPDATE
3280372,22,UPDATE
3280391,37,UPDATE
3280405,18,UPDATE
328056,62,UPDATE
328061,77,UPDATE
3280638,76,UPDATE
3280692,23,UPDATE
3280750,2,UPDATE
328078,184,UPDATE
3280783,69,UPDATE
3280827,34,UPDATE
328083,160,UPDATE
328094,130,UPDATE
3281177,60,UPDATE
3281267,85,UPDATE
3281331,126,UPDATE
3281429,126,UPDATE
3281470,56,UPDATE
328149,115,UPDATE
328169,33,UPDATE
328183,77,UPDATE
3281908,114,UPDATE
3282075,30,UPDATE
3282115,30,UPDATE
328262,57,UPDATE
3282654,50,UPDATE
3282962,75,UPDATE
3282974,37,UPDATE
3282986,24,UPDATE
3283757,8,UPDATE
3283760,8,UPDATE
3283778,173,UPDATE
3283793,153,UPDATE
3283846,47,UPDATE
3283990,47,UPDATE
3284014,47,UPDATE
3284017,47,UPDATE
3284107,28,UPDATE
3284108,28,UPDATE
3284109,28,UPDATE
3284110,28,UPDATE
3284111,28,UPDATE
3284112,28,UPDATE
3284113,28,UPDATE
3284114,28,UPDATE
3284115,28,UPDATE
3284125,28,UPDATE
3284126,28,UPDATE
3284127,28,UPDATE
3284136,28,UPDATE
3284139,28,UPDATE
328416,133,UPDATE
3284161,28,UPDATE
3284164,28,UPDATE
3284167,22,UPDATE
3284179,28,UPDATE
3284188,28,UPDATE
3284189,28,UPDATE
3284190,28,UPDATE
3284191,28,UPDATE
3284192,28,UPDATE
3284193,28,UPDATE
3284194,28,UPDATE
3284195,28,UPDATE
3284196,28,UPDATE
328420,79,UPDATE
3284206,28,UPDATE
3284207,28,UPDATE
3284208,28,UPDATE
3284242,28,UPDATE
3284243,28,UPDATE
3284244,28,UPDATE
3284245,28,UPDATE
3284645,18,UPDATE
3284724,24,UPDATE
328483,34,UPDATE
3284848,27,UPDATE
3284860,18,UPDATE
3284865,11,UPDATE
3284916,14,UPDATE
3285089,2,UPDATE
3285287,55,UPDATE
3285295,18,UPDATE
3285332,43,UPDATE
3285368,24,UPDATE
3285429,29,UPDATE
3285486,27,UPDATE
3285498,18,UPDATE
3285503,11,UPDATE
3285526,38,UPDATE
3285548,14,UPDATE
3285709,2,UPDATE
3285716,2,UPDATE
3285723,2,UPDATE
3285730,2,UPDATE
328574,145,UPDATE
3285758,32,UPDATE
3285786,94,UPDATE
328594,69,UPDATE
3285955,22,UPDATE
3286324,55,UPDATE
3286330,55,UPDATE
3286336,55,UPDATE
3286342,55,UPDATE
3286350,18,UPDATE
3286356,18,UPDATE
3286362,14,UPDATE
3286363,11,UPDATE
3286368,18,UPDATE
3286501,43,UPDATE
3286508,43,UPDATE
3286515,43,UPDATE
3286522,43,UPDATE
3286550,33,UPDATE
3286578,46,UPDATE
3286642,24,UPDATE
3286649,24,UPDATE
3286663,24,UPDATE
3286862,33,UPDATE
3286889,29,UPDATE
3286896,29,UPDATE
3286903,29,UPDATE
3286910,29,UPDATE
3286913,4,UPDATE
3286938,26,UPDATE
3286966,40,UPDATE
3287114,27,UPDATE
3287128,27,UPDATE
3287135,27,UPDATE
3287168,18,UPDATE
3287173,11,UPDATE
3287175,18,UPDATE
3287180,11,UPDATE
3287182,18,UPDATE
3287187,11,UPDATE
3287189,18,UPDATE
3287194,11,UPDATE
3287277,38,UPDATE
3287284,38,UPDATE
3287291,38,UPDATE
3287298,38,UPDATE
3287301,8,UPDATE
3287326,40,UPDATE
3287354,20,UPDATE
3287362,14,UPDATE
3287369,14,UPDATE
3287791,10,UPDATE
3288009,2,UPDATE
3288016,2,UPDATE
3288023,2,UPDATE
3288030,2,UPDATE
3288058,32,UPDATE
3288086,94,UPDATE
3288255,22,UPDATE
328850,182,UPDATE
3288624,55,UPDATE
3288630,55,UPDATE
3288636,55,UPDATE
3288642,55,UPDATE
3288650,18,UPDATE
3288656,18,UPDATE
3288662,14,UPDATE
3288663,11,UPDATE
3288668,18,UPDATE
3288801,43,UPDATE
3288808,43,UPDATE
3288815,43,UPDATE
3288822,43,UPDATE
3288850,33,UPDATE
3288878,46,UPDATE
3288942,24,UPDATE
3288949,24,UPDATE
3288963,24,UPDATE
3289189,29,UPDATE
3289196,29,UPDATE
3289203,29,UPDATE
3289210,29,UPDATE
3289213,4,UPDATE
3289238,26,UPDATE
3289266,40,UPDATE
3289414,27,UPDATE
3289428,27,UPDATE
3289435,27,UPDATE
3289468,18,UPDATE
3289473,11,UPDATE
3289475,18,UPDATE
3289480,11,UPDATE
3289482,18,UPDATE
3289487,11,UPDATE
3289489,18,UPDATE
3289494,11,UPDATE
3289577,38,UPDATE
3289584,38,UPDATE
3289591,38,UPDATE
3289598,38,UPDATE
3289601,8,UPDATE
3289626,40,UPDATE
3289654,20,UPDATE
3289662,14,UPDATE
3289669,14,UPDATE
3290091,10,UPDATE
3290309,2,UPDATE
3290316,2,UPDATE
3290323,2,UPDATE
3290330,2,UPDATE
3290331,22,UPDATE
3290386,95,UPDATE
3290555,10,UPDATE
3290583,38,UPDATE
3290730,16,UPDATE
3290924,45,UPDATE
3290930,35,UPDATE
3290936,55,UPDATE
3290942,55,UPDATE
3290950,18,UPDATE
3290956,18,UPDATE
3290962,16,UPDATE
3290963,11,UPDATE
3290968,18,UPDATE
3291101,43,UPDATE
3291108,43,UPDATE
3291115,43,UPDATE
3291122,43,UPDATE
3291123,36,UPDATE
3291242,24,UPDATE
3291249,24,UPDATE
3291256,24,UPDATE
3291263,24,UPDATE
3291347,22,UPDATE
3291489,29,UPDATE
3291496,29,UPDATE
3291503,29,UPDATE
3291510,29,UPDATE
3291511,35,UPDATE
3291567,60,UPDATE
3291735,22,UPDATE
3291768,18,UPDATE
3291773,11,UPDATE
3291775,18,UPDATE
3291780,11,UPDATE
3291782,18,UPDATE
3291787,11,UPDATE
3291789,18,UPDATE
3291794,11,UPDATE
3291877,38,UPDATE
3291884,38,UPDATE
3291891,38,UPDATE
3291898,38,UPDATE
3291899,43,UPDATE
3291969,14,UPDATE
3291983,14,UPDATE
3292391,10,UPDATE
3292609,2,UPDATE
3292616,2,UPDATE
3292623,2,UPDATE
3292630,2,UPDATE
3292631,22,UPDATE
3292686,95,UPDATE
3292855,10,UPDATE
3292883,38,UPDATE
3293030,16,UPDATE
3293224,45,UPDATE
3293230,35,UPDATE
3293236,55,UPDATE
3293242,55,UPDATE
3293250,18,UPDATE
3293256,18,UPDATE
3293262,16,UPDATE
3293263,11,UPDATE
3293268,18,UPDATE
3293401,43,UPDATE
3293408,43,UPDATE
3293415,43,UPDATE
3293422,43,UPDATE
3293423,36,UPDATE
3293542,24,UPDATE
3293549,24,UPDATE
3293556,24,UPDATE
3293563,24,UPDATE
3293647,22,UPDATE
329370,66,UPDATE
3293789,29,UPDATE
3293796,29,UPDATE
3293803,29,UPDATE
3293810,29,UPDATE
3293811,35,UPDATE
3293867,60,UPDATE
3294035,22,UPDATE
3294068,18,UPDATE
3294073,11,UPDATE
3294075,18,UPDATE
3294080,11,UPDATE
3294082,18,UPDATE
3294087,11,UPDATE
3294089,18,UPDATE
3294094,11,UPDATE
3294177,38,UPDATE
3294184,38,UPDATE
3294191,38,UPDATE
3294198,38,UPDATE
3294199,43,UPDATE
3294269,14,UPDATE
3294283,14,UPDATE
3294691,10,UPDATE
3295113,42,UPDATE
3295114,42,UPDATE
3295115,42,UPDATE
3295116,42,UPDATE
3295117,42,UPDATE
3295255,43,UPDATE
3295256,43,UPDATE
3295864,118,UPDATE
329711,63,UPDATE
329718,85,UPDATE
329762,181,UPDATE
330052,94,UPDATE
330054,57,UPDATE
330055,60,UPDATE
3300889,21,UPDATE
3300894,21,UPDATE
3300899,21,UPDATE
3300909,21,UPDATE
3300914,21,UPDATE
3300949,21,UPDATE
3300954,21,UPDATE
3300959,21,UPDATE
3300969,21,UPDATE
3300974,21,UPDATE
3301009,21,UPDATE
3301014,21,UPDATE
3301019,21,UPDATE
3301029,21,UPDATE
3301034,21,UPDATE
3301509,181,UPDATE
3301513,132,UPDATE
3301514,18,UPDATE
3301515,181,UPDATE
3301516,18,UPDATE
3301517,72,UPDATE
3301518,18,UPDATE
3301519,181,UPDATE
3301520,18,UPDATE
3301521,95,UPDATE
3301522,18,UPDATE
3301604,18,UPDATE
3301606,18,UPDATE
3301610,18,UPDATE
3301613,10,UPDATE
3301614,18,UPDATE
3301617,8,UPDATE
3301618,18,UPDATE
3301619,107,UPDATE
3301631,2,UPDATE
3301634,18,UPDATE
3301642,18,UPDATE
3301644,18,UPDATE
3301655,116,UPDATE
3301656,18,UPDATE
3301658,18,UPDATE
3301659,13,UPDATE
3301660,18,UPDATE
3301661,126,UPDATE
3301662,18,UPDATE
3301663,181,UPDATE
3301665,62,UPDATE
3301666,18,UPDATE
3301667,181,UPDATE
3301668,18,UPDATE
3301669,181,UPDATE
3301682,18,UPDATE
3301684,18,UPDATE
3301686,18,UPDATE
3301687,40,UPDATE
3301688,18,UPDATE
3301690,18,UPDATE
3301692,18,UPDATE
3301694,18,UPDATE
3301696,18,UPDATE
3302047,18,UPDATE
3302048,74,UPDATE
3302051,18,UPDATE
3302058,41,UPDATE
3302059,18,UPDATE
3302060,161,UPDATE
3302070,121,UPDATE
3302071,18,UPDATE
3302072,161,UPDATE
3302075,18,UPDATE
3302076,41,UPDATE
3302094,18,UPDATE
3302100,18,UPDATE
3302104,18,UPDATE
3302108,18,UPDATE
3302110,18,UPDATE
3302115,45,UPDATE
3302116,18,UPDATE
3302120,18,UPDATE
3302121,88,UPDATE
3302122,18,UPDATE
3302123,71,UPDATE
3302138,18,UPDATE
3302140,18,UPDATE
3302251,118,UPDATE
3302325,69,UPDATE
3302327,69,UPDATE
3302358,85,UPDATE
330247,41,UPDATE
330248,116,UPDATE
330250,68,UPDATE
330257,18,UPDATE
330261,32,UPDATE
330262,21,UPDATE
330263,36,UPDATE
3302785,85,UPDATE
3302787,85,UPDATE
3302817,80,UPDATE
3303023,101,UPDATE
3303043,101,UPDATE
3303063,101,UPDATE
3303184,47,UPDATE
3303204,47,UPDATE
3303224,47,UPDATE
3305999,46,UPDATE
3306177,2,UPDATE
3306468,86,UPDATE
3306532,6,UPDATE
3306542,89,UPDATE
3306546,111,UPDATE
3306581,121,UPDATE
3306729,133,UPDATE
3306740,134,UPDATE
3306764,62,UPDATE
3306860,61,UPDATE
3306918,26,UPDATE
3307002,40,UPDATE
3307654,65,UPDATE
3307657,44,UPDATE
3307669,79,UPDATE
3307670,79,UPDATE
3307672,50,UPDATE
3307704,58,UPDATE
3307733,28,UPDATE
3307829,5,UPDATE
3307859,183,UPDATE
3307917,2,UPDATE
3307933,27,UPDATE
3308477,37,UPDATE
3308678,12,UPDATE
3308685,64,UPDATE
3308704,53,UPDATE
3308706,26,UPDATE
3308709,166,UPDATE
3308713,32,UPDATE
3309343,5,UPDATE
3309496,5,UPDATE
3310592,18,UPDATE
3310662,18,UPDATE
3310732,18,UPDATE
3310794,34,UPDATE
3310957,52,UPDATE
3310962,17,UPDATE
3310967,103,UPDATE
3311031,34,UPDATE
3311065,35,UPDATE
3311130,6,UPDATE
3311189,103,UPDATE
3311298,34,UPDATE
3311332,35,UPDATE
3311397,6,UPDATE
3311415,35,UPDATE
3311480,6,UPDATE
3311498,35,UPDATE
3311581,35,UPDATE
3311638,22,UPDATE
3311850,103,UPDATE
3311858,10,UPDATE
3312147,34,UPDATE
3312181,35,UPDATE
3312246,6,UPDATE
3312264,35,UPDATE
3312329,6,UPDATE
3312347,35,UPDATE
3312430,35,UPDATE
3312487,22,UPDATE
3312699,103,UPDATE
3312707,10,UPDATE
3313030,35,UPDATE
3313095,6,UPDATE
3313113,35,UPDATE
3313178,6,UPDATE
3313196,35,UPDATE
3313216,48,UPDATE
3313279,35,UPDATE
3313336,10,UPDATE
3313342,45,UPDATE
3313343,21,UPDATE
3313524,73,UPDATE
3313556,4,UPDATE
3313720,23,UPDATE
3313879,35,UPDATE
3313944,6,UPDATE
3313962,35,UPDATE
3314027,6,UPDATE
3314045,35,UPDATE
3314065,48,UPDATE
3314128,35,UPDATE
3314185,10,UPDATE
3314191,45,UPDATE
3314192,20,UPDATE
3314373,73,UPDATE
3314405,4,UPDATE
3314569,23,UPDATE
3314751,0,UPDATE
3314753,7,UPDATE
3314781,0,UPDATE
3314811,51,UPDATE
3314813,7,UPDATE
3314841,48,UPDATE
3314843,12,UPDATE
3314855,6,UPDATE
3314871,51,UPDATE
3314873,12,UPDATE
3314903,7,UPDATE
3314933,7,UPDATE
3314961,0,UPDATE
3314991,0,UPDATE
3315214,5,UPDATE
3315373,12,UPDATE
3315484,3,UPDATE
3315643,5,UPDATE
3315760,178,UPDATE
3315787,153,UPDATE
3315798,128,UPDATE
331586,79,UPDATE
331590,174,UPDATE
331593,109,UPDATE
331668,102,UPDATE
331687,13,UPDATE
331748,124,UPDATE
3321101,21,UPDATE
3321131,21,UPDATE
3321588,35,UPDATE
3321697,35,UPDATE
3321705,35,UPDATE
3321801,35,UPDATE
3321809,35,UPDATE
3321892,35,UPDATE
3321900,35,UPDATE
3322238,35,UPDATE
3322386,35,UPDATE
3322394,35,UPDATE
3322397,41,UPDATE
3322472,35,UPDATE
3322555,35,UPDATE
3322563,35,UPDATE
3322659,35,UPDATE
3322667,35,UPDATE
3322750,35,UPDATE
3322758,35,UPDATE
3322871,35,UPDATE
3322883,35,UPDATE
3322978,2,UPDATE
3322988,35,UPDATE
3323000,35,UPDATE
3323105,35,UPDATE
3323179,30,UPDATE
3323218,11,UPDATE
3323222,35,UPDATE
3323234,35,UPDATE
3323702,35,UPDATE
3323807,35,UPDATE
3323921,35,UPDATE
3324178,152,UPDATE
3324186,47,UPDATE
3324196,152,UPDATE
3324204,47,UPDATE
3324214,152,UPDATE
3324222,47,UPDATE
3324628,12,UPDATE
3324859,64,UPDATE
3324864,12,UPDATE
3324867,12,UPDATE
3324870,12,UPDATE
3324873,12,UPDATE
3324948,101,UPDATE
3324969,95,UPDATE
3324974,95,UPDATE
3324983,53,UPDATE
3325014,54,UPDATE
3325079,79,UPDATE
3325244,44,UPDATE
3325354,91,UPDATE
3325364,44,UPDATE
3325384,44,UPDATE
3325404,79,UPDATE
3325424,44,UPDATE
3325434,79,UPDATE
3325454,91,UPDATE
3325464,44,UPDATE
3325484,44,UPDATE
3325524,44,UPDATE
3325534,79,UPDATE
3325554,91,UPDATE
3325564,44,UPDATE
3325584,44,UPDATE
3325604,79,UPDATE
3325624,44,UPDATE
3325634,79,UPDATE
3325654,91,UPDATE
3325664,44,UPDATE
3325684,44,UPDATE
3325704,79,UPDATE
3325724,44,UPDATE
3325734,79,UPDATE
3325782,44,UPDATE
3325789,44,UPDATE
3325796,79,UPDATE
3325803,79,UPDATE
3325810,44,UPDATE
3325817,44,UPDATE
3325824,79,UPDATE
3325831,79,UPDATE
3325838,44,UPDATE
3325845,44,UPDATE
3325852,79,UPDATE
3325859,79,UPDATE
3325866,44,UPDATE
3325873,44,UPDATE
3325880,79,UPDATE
3325887,79,UPDATE
3325894,91,UPDATE
3325901,44,UPDATE
3325915,44,UPDATE
3325929,79,UPDATE
3325943,44,UPDATE
3325957,44,UPDATE
3325971,44,UPDATE
3325985,65,UPDATE
3325999,44,UPDATE
3326006,91,UPDATE
3326013,44,UPDATE
3326027,44,UPDATE
3326041,79,UPDATE
3326055,44,UPDATE
3326062,79,UPDATE
3326072,79,UPDATE
3326082,79,UPDATE
3326094,147,UPDATE
3326134,147,UPDATE
3326144,147,UPDATE
3326239,44,UPDATE
3326249,91,UPDATE
3326251,58,UPDATE
3326259,44,UPDATE
3326261,58,UPDATE
3326281,118,UPDATE
3326291,118,UPDATE
3326299,44,UPDATE
3326309,79,UPDATE
3326319,44,UPDATE
3326331,118,UPDATE
3326339,79,UPDATE
3326349,44,UPDATE
3326359,79,UPDATE
3326369,79,UPDATE
3326381,118,UPDATE
3326391,118,UPDATE
3326399,44,UPDATE
3326419,44,UPDATE
3326459,44,UPDATE
3326469,79,UPDATE
3326479,44,UPDATE
3326499,79,UPDATE
3326509,44,UPDATE
3326519,79,UPDATE
3326529,79,UPDATE
3326559,44,UPDATE
3326579,44,UPDATE
3326619,44,UPDATE
3326629,79,UPDATE
3326639,44,UPDATE
3326659,79,UPDATE
3326669,44,UPDATE
3326679,79,UPDATE
3326689,79,UPDATE
3326719,44,UPDATE
3326739,44,UPDATE
3326779,44,UPDATE
3326789,79,UPDATE
3326799,44,UPDATE
3326819,79,UPDATE
3326829,44,UPDATE
3326839,79,UPDATE
3326849,79,UPDATE
3326984,44,UPDATE
3326991,91,UPDATE
3326993,58,UPDATE
3326998,44,UPDATE
3327000,58,UPDATE
3327014,118,UPDATE
3327021,118,UPDATE
3327026,44,UPDATE
3327033,79,UPDATE
3327040,44,UPDATE
3327049,118,UPDATE
3327056,58,UPDATE
3327063,118,UPDATE
3327070,118,UPDATE
3327075,79,UPDATE
3327084,118,UPDATE
3327096,44,UPDATE
3327110,44,UPDATE
3327138,44,UPDATE
3327145,79,UPDATE
3327152,44,UPDATE
3327187,79,UPDATE
3327208,44,UPDATE
3327222,44,UPDATE
3327250,44,UPDATE
3327257,79,UPDATE
3327264,44,UPDATE
3327299,79,UPDATE
3327320,44,UPDATE
3327334,44,UPDATE
3327362,44,UPDATE
3327369,79,UPDATE
3327376,44,UPDATE
3327411,79,UPDATE
3327432,44,UPDATE
3327446,44,UPDATE
3327474,44,UPDATE
3327481,79,UPDATE
3327488,44,UPDATE
3327523,79,UPDATE
3327544,44,UPDATE
3327586,44,UPDATE
3327593,65,UPDATE
3327600,44,UPDATE
3327635,65,UPDATE
3327656,44,UPDATE
3327670,44,UPDATE
3327698,44,UPDATE
3327705,79,UPDATE
3327712,44,UPDATE
3327747,79,UPDATE
3327808,44,UPDATE
3327818,44,UPDATE
3327828,79,UPDATE
332783,166,UPDATE
3327858,44,UPDATE
3327868,79,UPDATE
3327898,44,UPDATE
3327908,79,UPDATE
3327928,44,UPDATE
3327938,44,UPDATE
3327948,79,UPDATE
3327996,44,UPDATE
3328003,44,UPDATE
3328010,79,UPDATE
3328024,44,UPDATE
3328031,44,UPDATE
3328038,79,UPDATE
3328052,44,UPDATE
3328059,44,UPDATE
3328066,79,UPDATE
3328080,44,UPDATE
3328087,44,UPDATE
3328094,79,UPDATE
3328108,44,UPDATE
3328115,44,UPDATE
3328122,79,UPDATE
3328129,44,UPDATE
3328136,44,UPDATE
3328143,65,UPDATE
3328150,44,UPDATE
3328157,44,UPDATE
3328164,79,UPDATE
3328444,184,UPDATE
3328445,65,UPDATE
3328456,56,UPDATE
3328462,194,UPDATE
3328553,44,UPDATE
3328554,49,UPDATE
3328560,49,UPDATE
3328561,44,UPDATE
3328562,49,UPDATE
3328924,136,UPDATE
3328941,32,UPDATE
3328942,61,UPDATE
3329299,94,UPDATE
3329340,82,UPDATE
3329787,3,UPDATE
3329788,3,UPDATE
3329789,3,UPDATE
3329790,3,UPDATE
3329791,3,UPDATE
3329792,3,UPDATE
3330559,158,UPDATE
3330561,158,UPDATE
3330564,158,UPDATE
3330571,138,UPDATE
3330703,41,UPDATE
3330705,41,UPDATE
3330707,41,UPDATE
3330708,41,UPDATE
3330715,41,UPDATE
3330716,41,UPDATE
3330717,41,UPDATE
3330718,41,UPDATE
333147,24,UPDATE
3332515,36,UPDATE
3332524,36,UPDATE
3332550,36,UPDATE
3332551,36,UPDATE
3332552,36,UPDATE
3332555,36,UPDATE
3332560,36,UPDATE
3332589,36,UPDATE
3332594,36,UPDATE
3332597,36,UPDATE
3333100,101,UPDATE
3333142,187,UPDATE
3333147,187,UPDATE
3333975,11,UPDATE
3334013,99,UPDATE
3334193,48,UPDATE
3334211,40,UPDATE
3334229,40,UPDATE
3334265,48,UPDATE
3334304,96,UPDATE
3334388,15,UPDATE
3334391,32,UPDATE
3334635,66,UPDATE
3334637,145,UPDATE
3335121,15,UPDATE
3335127,21,UPDATE
3335261,18,UPDATE
3335551,12,UPDATE
333587,63,UPDATE
3337241,65,UPDATE
3337281,97,UPDATE
3337320,55,UPDATE
3337328,27,UPDATE
3337344,22,UPDATE
3337352,26,UPDATE
3337353,38,UPDATE
3337360,30,UPDATE
3337368,28,UPDATE
3337376,55,UPDATE
3337887,0,UPDATE
3338240,0,UPDATE
3338489,0,UPDATE
3338567,2,UPDATE
3338644,2,UPDATE
3338721,2,UPDATE
3338784,0,UPDATE
3338798,2,UPDATE
3338875,2,UPDATE
3338952,2,UPDATE
3339015,0,UPDATE
3339110,32,UPDATE
3339428,0,UPDATE
3339435,0,UPDATE
3339659,0,UPDATE
3339666,0,UPDATE
3339927,2,UPDATE
3339990,2,UPDATE
3340053,2,UPDATE
3340102,0,UPDATE
3340116,2,UPDATE
3340179,2,UPDATE
3340242,2,UPDATE
3340291,0,UPDATE
3340334,32,UPDATE
3340600,0,UPDATE
3340607,0,UPDATE
3340789,0,UPDATE
3340796,0,UPDATE
3341007,2,UPDATE
3341070,2,UPDATE
3341133,2,UPDATE
3341182,0,UPDATE
3341196,2,UPDATE
3341259,2,UPDATE
3341322,2,UPDATE
3341371,0,UPDATE
3341414,32,UPDATE
3341680,0,UPDATE
3341687,0,UPDATE
3341869,0,UPDATE
3341876,0,UPDATE
3342087,2,UPDATE
3342164,2,UPDATE
3342241,2,UPDATE
3342304,0,UPDATE
3342318,2,UPDATE
3342395,2,UPDATE
3342472,2,UPDATE
3342535,0,UPDATE
3342590,32,UPDATE
3342908,0,UPDATE
3342915,0,UPDATE
3343139,0,UPDATE
3343146,0,UPDATE
3343540,0,UPDATE
3343547,0,UPDATE
3343729,0,UPDATE
3343736,0,UPDATE
3344108,0,UPDATE
3344115,0,UPDATE
3344339,0,UPDATE
3344346,0,UPDATE
3344768,0,UPDATE
3344775,0,UPDATE
3345119,103,UPDATE
334635,18,UPDATE
335179,45,UPDATE
335199,15,UPDATE
3355350,44,UPDATE
3355360,44,UPDATE
3355370,79,UPDATE
3355380,79,UPDATE
335960,44,UPDATE
335978,35,UPDATE
336155,27,UPDATE
336174,13,UPDATE
336198,12,UPDATE
336200,5,UPDATE
336256,43,UPDATE
336387,43,UPDATE
336429,69,UPDATE
336431,62,UPDATE
336438,98,UPDATE
3365555,47,UPDATE
3365569,132,UPDATE
3365594,51,UPDATE
3365604,162,UPDATE
3365609,133,UPDATE
336564,49,UPDATE
3365655,34,UPDATE
3365711,1,UPDATE
3365753,20,UPDATE
3365767,12,UPDATE
3365805,40,UPDATE
3365859,87,UPDATE
3365891,77,UPDATE
3365895,47,UPDATE
3365900,95,UPDATE
3365901,1,UPDATE
3365912,48,UPDATE
3375671,43,UPDATE
3375672,43,UPDATE
337933,54,UPDATE
337968,25,UPDATE
338042,7,UPDATE
338045,127,UPDATE
338254,0,UPDATE
338495,106,UPDATE
3385709,29,UPDATE
338581,71,UPDATE
3393898,51,UPDATE
339630,152,UPDATE
339717,92,UPDATE
339737,68,UPDATE
339784,144,UPDATE
339791,51,UPDATE
339820,29,UPDATE
3398245,29,UPDATE
3398295,27,UPDATE
3398307,18,UPDATE
3398312,11,UPDATE
3398315,38,UPDATE
3398355,14,UPDATE
3398445,97,UPDATE
3398458,166,UPDATE
3398481,174,UPDATE
3398490,23,UPDATE
3398500,122,UPDATE
3398502,60,UPDATE
3398510,6,UPDATE
3398522,97,UPDATE
3398525,55,UPDATE
3398550,66,UPDATE
3398557,119,UPDATE
3398579,60,UPDATE
3398587,6,UPDATE
3398623,47,UPDATE
3398673,95,UPDATE
3398683,125,UPDATE
3398695,86,UPDATE
3398697,86,UPDATE
3398715,139,UPDATE
3398816,92,UPDATE
3398831,159,UPDATE
3398841,6,UPDATE
3398893,70,UPDATE
3398908,112,UPDATE
3398950,60,UPDATE
3398958,6,UPDATE
3398994,42,UPDATE
3399010,52,UPDATE
3399054,82,UPDATE
3399146,2,UPDATE
3399290,55,UPDATE
3399298,18,UPDATE
3399315,43,UPDATE
3399351,24,UPDATE
3399373,6,UPDATE
3399446,35,UPDATE
3399511,6,UPDATE
3399554,52,UPDATE
3399559,17,UPDATE
3399564,103,UPDATE
3399775,9,UPDATE
3399819,5,UPDATE
340156,7,UPDATE
340393,10,UPDATE
340425,80,UPDATE
340474,130,UPDATE
340556,77,UPDATE
340563,48,UPDATE
340748,199,UPDATE
340802,12,UPDATE
340959,24,UPDATE
340982,163,UPDATE
341166,6,UPDATE
341748,132,UPDATE
342205,131,UPDATE
342206,154,UPDATE
342528,8,UPDATE
342561,36,UPDATE
342565,8,UPDATE
342633,38,UPDATE
342639,34,UPDATE
342641,44,UPDATE
342649,143,UPDATE
342895,128,UPDATE
342896,141,UPDATE
342901,125,UPDATE
342916,80,UPDATE
342958,145,UPDATE
343291,58,UPDATE
343474,7,UPDATE
343477,81,UPDATE
343514,112,UPDATE
344376,67,UPDATE
344684,59,UPDATE
344761,34,UPDATE
344856,146,UPDATE
344865,100,UPDATE
344868,84,UPDATE
344873,175,UPDATE
345070,122,UPDATE
345092,8,UPDATE
345185,178,UPDATE
345295,26,UPDATE
345615,17,UPDATE
345636,3,UPDATE
345639,24,UPDATE
345744,92,UPDATE
345800,151,UPDATE
345805,195,UPDATE
345828,89,UPDATE
345844,125,UPDATE
345930,27,UPDATE
345938,28,UPDATE
346048,152,UPDATE
346052,105,UPDATE
346070,114,UPDATE
346071,108,UPDATE
346128,63,UPDATE
346129,42,UPDATE
346130,48,UPDATE
346146,147,UPDATE
346186,53,UPDATE
346216,32,UPDATE
346226,29,UPDATE
346266,34,UPDATE
346348,164,UPDATE
346352,41,UPDATE
346362,84,UPDATE
346365,40,UPDATE
346373,14,UPDATE
346382,47,UPDATE
346392,88,UPDATE
346394,70,UPDATE
346400,8,UPDATE
346424,183,UPDATE
346444,140,UPDATE
346449,28,UPDATE
346470,117,UPDATE
346475,77,UPDATE
346488,47,UPDATE
346497,194,UPDATE
346500,19,UPDATE
346517,127,UPDATE
346530,135,UPDATE
346650,41,UPDATE
346688,167,UPDATE
346716,55,UPDATE
346774,58,UPDATE
346799,39,UPDATE
346802,85,UPDATE
346803,119,UPDATE
346818,184,UPDATE
346828,159,UPDATE
346830,57,UPDATE
346834,148,UPDATE
346898,77,UPDATE
346960,95,UPDATE
346964,154,UPDATE
346976,85,UPDATE
346978,86,UPDATE
347040,68,UPDATE
347135,112,UPDATE
347173,60,UPDATE
347258,53,UPDATE
347343,41,UPDATE
347490,30,UPDATE
347500,9,UPDATE
347501,66,UPDATE
347515,0,UPDATE
347549,116,UPDATE
347589,21,UPDATE
347762,47,UPDATE
347768,125,UPDATE
347810,171,UPDATE
347814,122,UPDATE
347830,100,UPDATE
348071,18,UPDATE
348082,27,UPDATE
348176,48,UPDATE
348592,105,UPDATE
349279,65,UPDATE
349317,61,UPDATE
349331,155,UPDATE
349336,20,UPDATE
349343,27,UPDATE
349356,41,UPDATE
349361,13,UPDATE
349375,10,UPDATE
349376,14,UPDATE
349380,9,UPDATE
349472,141,UPDATE
349484,28,UPDATE
349485,116,UPDATE
350033,40,UPDATE
350048,1,UPDATE
350057,13,UPDATE
350158,152,UPDATE
350194,100,UPDATE
350259,182,UPDATE
350267,178,UPDATE
350268,181,UPDATE
350272,136,UPDATE
350273,193,UPDATE
350360,0,UPDATE
350522,33,UPDATE
350769,10,UPDATE
350792,151,UPDATE
350807,138,UPDATE
351440,91,UPDATE
351710,53,UPDATE
352092,22,UPDATE
352122,1,UPDATE
352314,27,UPDATE
352354,87,UPDATE
352729,55,UPDATE
352735,124,UPDATE
352769,92,UPDATE
353165,31,UPDATE
353170,22,UPDATE
353195,31,UPDATE
353247,25,UPDATE
353495,24,UPDATE
353901,45,UPDATE
353927,61,UPDATE
353972,21,UPDATE
355065,78,UPDATE
355083,94,UPDATE
355086,125,UPDATE
355186,77,UPDATE
355649,3,UPDATE
355651,18,UPDATE
355790,31,UPDATE
355804,34,UPDATE
355889,87,UPDATE
355897,12,UPDATE
355904,127,UPDATE
355931,78,UPDATE
356194,191,UPDATE
356338,116,UPDATE
356344,119,UPDATE
356535,89,UPDATE
356557,69,UPDATE
356605,5,UPDATE
356707,7,UPDATE
356728,4,UPDATE
357010,27,UPDATE
357034,98,UPDATE
357039,200,UPDATE
357715,155,UPDATE
357791,54,UPDATE
357966,62,UPDATE
357993,60,UPDATE
358302,18,UPDATE
358366,55,UPDATE
358367,169,UPDATE
358486,105,UPDATE
358582,49,UPDATE
358632,37,UPDATE
358650,86,UPDATE
358730,33,UPDATE
359005,109,UPDATE
359012,32,UPDATE
359121,66,UPDATE
359124,174,UPDATE
359128,38,UPDATE
359132,122,UPDATE
359142,143,UPDATE
359147,35,UPDATE
359173,23,UPDATE
359200,112,UPDATE
359244,125,UPDATE
359454,41,UPDATE
359579,35,UPDATE
359584,49,UPDATE
359601,176,UPDATE
360031,30,UPDATE
361572,23,UPDATE
361592,52,UPDATE
361761,197,UPDATE
362392,71,UPDATE
362852,69,UPDATE
362877,47,UPDATE
363359,10,UPDATE
363767,122,UPDATE
363815,10,UPDATE
363929,38,UPDATE
364015,46,UPDATE
364371,8,UPDATE
364374,38,UPDATE
364390,94,UPDATE
364522,128,UPDATE
364525,172,UPDATE
364528,118,UPDATE
364531,28,UPDATE
364575,198,UPDATE
364581,77,UPDATE
364593,192,UPDATE
364747,183,UPDATE
364817,130,UPDATE
365490,110,UPDATE
365595,3,UPDATE
365745,5,UPDATE
365918,93,UPDATE
366073,91,UPDATE
366074,79,UPDATE
366208,147,UPDATE
366296,43,UPDATE
366355,162,UPDATE
366369,43,UPDATE
366463,36,UPDATE
366494,22,UPDATE
366495,21,UPDATE
366498,48,UPDATE
367726,158,UPDATE
367871,33,UPDATE
368206,134,UPDATE
368584,107,UPDATE
370142,38,UPDATE
370166,29,UPDATE
370555,67,UPDATE
370620,49,UPDATE
370675,55,UPDATE
370693,13,UPDATE
371081,28,UPDATE
371702,148,UPDATE
371703,55,UPDATE
371785,157,UPDATE
371797,69,UPDATE
371802,19,UPDATE
372033,28,UPDATE
372135,31,UPDATE
372161,171,UPDATE
372188,73,UPDATE
372380,51,UPDATE
372420,120,UPDATE
372589,18,UPDATE
372733,11,UPDATE
372752,6,UPDATE
372756,24,UPDATE
373076,7,UPDATE
373117,26,UPDATE
373119,48,UPDATE
373125,41,UPDATE
373135,26,UPDATE
373138,68,UPDATE
373167,21,UPDATE
373226,105,UPDATE
373392,199,UPDATE
373403,148,UPDATE
373404,95,UPDATE
373517,113,UPDATE
373535,42,UPDATE
373586,163,UPDATE
373709,1,UPDATE
373866,26,UPDATE
373927,23,UPDATE
374008,110,UPDATE
374020,109,UPDATE
374549,81,UPDATE
374713,30,UPDATE
374714,72,UPDATE
374727,103,UPDATE
374774,53,UPDATE
374837,44,UPDATE
374931,13,UPDATE
375033,1,UPDATE
375452,24,UPDATE
375735,36,UPDATE
375909,12,UPDATE
376109,11,UPDATE
376498,3,UPDATE
376992,140,UPDATE
377089,76,UPDATE
377094,65,UPDATE
377097,49,UPDATE
377101,56,UPDATE
377105,70,UPDATE
377671,1,UPDATE
379490,66,UPDATE
379530,15,UPDATE
379560,89,UPDATE
4000921,22,UPDATE
4001987,7,UPDATE
4002776,102,UPDATE
4002791,144,UPDATE
4003833,23,UPDATE
4004353,102,UPDATE
4004368,142,UPDATE
4004383,121,UPDATE
4004385,8,UPDATE
4004473,105,UPDATE
4004488,23,UPDATE
4004901,83,UPDATE
4004907,74,UPDATE
4004908,98,UPDATE
4004978,173,UPDATE
4005014,119,UPDATE
4005139,170,UPDATE
4005167,63,UPDATE
4005603,65,UPDATE
4005618,100,UPDATE
4005627,174,UPDATE
4005666,67,UPDATE
4005728,158,UPDATE
4005749,39,UPDATE
4005818,95,UPDATE
4005929,20,UPDATE
4006178,99,UPDATE
4006305,2,UPDATE
4006353,16,UPDATE
4006390,45,UPDATE
4007153,23,UPDATE
4007156,87,UPDATE
4007390,14,UPDATE
4007409,39,UPDATE
4007861,38,UPDATE
4008424,192,UPDATE
4008591,42,UPDATE
4008760,48,UPDATE
4008920,158,UPDATE
4009784,30,UPDATE
4012504,106,UPDATE
4012512,60,UPDATE
4012523,13,UPDATE
4012564,113,UPDATE
4013047,6,UPDATE
4013304,80,UPDATE
4013403,66,UPDATE
4013518,14,UPDATE
4014895,31,UPDATE
4014921,83,UPDATE
4014928,103,UPDATE
4014946,45,UPDATE
4015049,123,UPDATE
4015061,180,UPDATE
4015065,52,UPDATE
4015071,43,UPDATE
4015074,40,UPDATE
4015095,36,UPDATE
4015138,83,UPDATE
4015160,80,UPDATE
4015318,127,UPDATE
4015553,101,UPDATE
4015606,47,UPDATE
4015784,75,UPDATE
4015803,38,UPDATE
4016502,22,UPDATE
4016531,140,UPDATE
4016655,31,UPDATE
4016769,83,UPDATE
4016802,48,UPDATE
4016820,53,UPDATE
4016825,64,UPDATE
4016843,93,UPDATE
4016844,84,UPDATE
4016849,102,UPDATE
4017389,94,UPDATE
4017390,96,UPDATE
4017426,97,UPDATE
4017557,41,UPDATE
4018962,82,UPDATE
4019200,79,UPDATE
4019204,0,UPDATE
4019214,21,UPDATE
4019217,18,UPDATE
4019600,18,UPDATE
4019788,13,UPDATE
4019803,9,UPDATE
4019823,4,UPDATE
4019874,29,UPDATE
40254,76,UPDATE
40545,167,UPDATE
40698,6,UPDATE
40857,22,UPDATE
4100048,4,UPDATE
4100171,165,UPDATE
4100188,99,UPDATE
4100209,25,UPDATE
4100266,25,UPDATE
4100523,59,UPDATE
4100617,61,UPDATE
4101014,40,UPDATE
4101114,12,UPDATE
4101273,25,UPDATE
4101322,0,UPDATE
4102060,75,UPDATE
4102440,74,UPDATE
4102560,41,UPDATE
4102719,11,UPDATE
4102736,5,UPDATE
4102737,40,UPDATE
4103603,150,UPDATE
4103691,7,UPDATE
4103822,89,UPDATE
4104401,43,UPDATE
4104431,23,UPDATE
4104711,58,UPDATE
4104980,53,UPDATE
4105068,12,UPDATE
4105307,24,UPDATE
4105602,61,UPDATE
4105606,36,UPDATE
4105620,21,UPDATE
4106294,31,UPDATE
4106318,60,UPDATE
4106533,44,UPDATE
4106792,11,UPDATE
4106853,4,UPDATE
4107070,83,UPDATE
4107171,6,UPDATE
4107180,45,UPDATE
4107195,47,UPDATE
4107201,35,UPDATE
4107251,35,UPDATE
4107283,17,UPDATE
4107298,5,UPDATE
41101,42,UPDATE
41127,54,UPDATE
41455,123,UPDATE
41647,140,UPDATE
42000857,78,UPDATE
42001209,73,UPDATE
42007133,48,UPDATE
42010390,28,UPDATE
42010821,10,UPDATE
42016101,32,UPDATE
42016135,43,UPDATE
42016189,52,UPDATE
42510,160,UPDATE
42566,27,UPDATE
42983,120,UPDATE
44280,40,UPDATE
44356,16,UPDATE
44417,189,UPDATE
44468,12,UPDATE
44504,58,UPDATE
44988,31,UPDATE
45105,168,UPDATE
45107,90,UPDATE
45122,187,UPDATE
45511,90,UPDATE
45586,44,UPDATE
45628,192,UPDATE
45684,155,UPDATE
45685,152,UPDATE
45905,124,UPDATE
46196,176,UPDATE
46260,89,UPDATE
46272,141,UPDATE
46554,1,UPDATE
47027,128,UPDATE
47038,45,UPDATE
47064,96,UPDATE
47065,160,UPDATE
47066,134,UPDATE
47070,45,UPDATE
47094,143,UPDATE
47096,194,UPDATE
47168,40,UPDATE
47245,55,UPDATE
47618,45,UPDATE
48511,91,UPDATE
48536,173,UPDATE
48636,150,UPDATE
48638,107,UPDATE
48810,121,UPDATE
48860,34,UPDATE
48864,131,UPDATE
48877,44,UPDATE
48966,4,UPDATE
49323,72,UPDATE
49493,82,UPDATE
49507,65,UPDATE
50123,187,UPDATE
50354,111,UPDATE
50450,187,UPDATE
50530,100,UPDATE
50829,150,UPDATE
50968,1,UPDATE
50981,104,UPDATE
51140,65,UPDATE
51180,45,UPDATE
51220,82,UPDATE
51237,57,UPDATE
51336,182,UPDATE
60624,35,UPDATE
60711,8,UPDATE
800049,80,UPDATE
800064,32,UPDATE
800094,91,UPDATE
800100,157,UPDATE
800154,97,UPDATE
800156,170,UPDATE
800184,176,UPDATE
800189,61,UPDATE
800193,75,UPDATE
800217,75,UPDATE
800222,187,UPDATE
800384,118,UPDATE
800457,144,UPDATE
800468,82,UPDATE
800537,54,UPDATE
800549,93,UPDATE
800598,60,UPDATE
800663,162,UPDATE
800678,100,UPDATE
800714,145,UPDATE
800930,89,UPDATE
801080,171,UPDATE
801117,186,UPDATE
801135,74,UPDATE
801173,188,UPDATE
801176,87,UPDATE
801183,182,UPDATE
801252,111,UPDATE
801256,23,UPDATE
801260,51,UPDATE
802508,168,UPDATE
802518,29,UPDATE
802537,165,UPDATE
802570,6,UPDATE
802597,141,UPDATE
802639,24,UPDATE
802726,37,UPDATE
802736,103,UPDATE
802763,147,UPDATE
802930,183,UPDATE
802945,10,UPDATE
802996,43,UPDATE
802999,28,UPDATE
803012,102,UPDATE
803021,132,UPDATE
803050,43,UPDATE
803311,96,UPDATE
803380,128,UPDATE
803408,35,UPDATE
804212,124,UPDATE
804322,131,UPDATE
804356,142,UPDATE
804374,51,UPDATE
804393,191,UPDATE
804457,136,UPDATE
804467,111,UPDATE
804648,152,UPDATE
804692,20,UPDATE
804702,127,UPDATE
804737,175,UPDATE
804746,116,UPDATE
804916,164,UPDATE
804975,59,UPDATE
805078,70,UPDATE
805122,87,UPDATE
805488,1,UPDATE
805511,41,UPDATE
805971,196,UPDATE
806025,2,UPDATE
806043,95,UPDATE
806077,16,UPDATE
806165,166,UPDATE
806176,57,UPDATE
806295,113,UPDATE
806336,172,UPDATE
806482,83,UPDATE
806688,57,UPDATE
806831,169,UPDATE
806843,73,UPDATE
806922,45,UPDATE
806941,160,UPDATE
806983,123,UPDATE
807038,62,UPDATE
807083,139,UPDATE
807098,20,UPDATE
807119,88,UPDATE
807187,189,UPDATE
807250,173,UPDATE
808108,154,UPDATE
808116,18,UPDATE
808178,134,UPDATE
808248,129,UPDATE
808296,61,UPDATE
808342,22,UPDATE
808347,92,UPDATE
808449,139,UPDATE
808452,185,UPDATE
808459,133,UPDATE
808476,125,UPDATE
808493,59,UPDATE
808570,63,UPDATE
808585,156,UPDATE
808604,13,UPDATE
808631,140,UPDATE
808667,134,UPDATE
808741,38,UPDATE
808804,171,UPDATE
808867,45,UPDATE
808873,23,UPDATE
808904,96,UPDATE
808918,182,UPDATE
808937,185,UPDATE
808990,80,UPDATE
809054,113,UPDATE
809521,51,UPDATE
809585,64,UPDATE
809612,110,UPDATE
809704,79,UPDATE
809785,63,UPDATE
809972,158,UPDATE
809993,6,UPDATE
809998,151,UPDATE
810018,89,UPDATE
810028,112,UPDATE
810083,121,UPDATE
810272,104,UPDATE
810289,17,UPDATE
810365,112,UPDATE
810445,60,UPDATE
811014,22,UPDATE
811025,54,UPDATE
811047,61,UPDATE
811062,25,UPDATE
811235,136,UPDATE
811238,96,UPDATE
811334,160,UPDATE
811416,106,UPDATE
811443,52,UPDATE
811448,122,UPDATE
811793,59,UPDATE
811889,112,UPDATE
811917,147,UPDATE
811925,142,UPDATE
812106,143,UPDATE
812142,103,UPDATE
812196,43,UPDATE
812276,172,UPDATE
812528,176,UPDATE
812879,78,UPDATE
812880,73,UPDATE
812983,8,UPDATE
813095,65,UPDATE
813195,186,UPDATE
813365,46,UPDATE
813366,137,UPDATE
813457,72,UPDATE
813632,24,UPDATE
813652,182,UPDATE
813712,64,UPDATE
813719,70,UPDATE
813756,12,UPDATE
813909,64,UPDATE
813915,28,UPDATE
813920,3,UPDATE
814044,157,UPDATE
814304,56,UPDATE
814394,17,UPDATE
814408,12,UPDATE
814492,10,UPDATE
814549,14,UPDATE
814560,84,UPDATE
814695,122,UPDATE
814770,62,UPDATE
814930,133,UPDATE
814959,148,UPDATE
814969,12,UPDATE
814994,191,UPDATE
814998,13,UPDATE
815049,62,UPDATE
815074,57,UPDATE
815077,173,UPDATE
815100,73,UPDATE
815104,37,UPDATE
815122,47,UPDATE
815159,41,UPDATE
815197,4,UPDATE
815221,56,UPDATE
815224,14,UPDATE
815261,51,UPDATE
815262,50,UPDATE
815285,58,UPDATE
815318,170,UPDATE
815365,18,UPDATE
815369,54,UPDATE
815380,39,UPDATE
815427,97,UPDATE
815446,24,UPDATE
815449,118,UPDATE
815451,124,UPDATE
815476,177,UPDATE
815522,29,UPDATE
815546,143,UPDATE
815560,129,UPDATE
815562,128,UPDATE
815595,56,UPDATE
815660,124,UPDATE
815837,46,UPDATE
815854,190,UPDATE
815909,38,UPDATE
815933,169,UPDATE
815939,160,UPDATE
815946,56,UPDATE
815972,63,UPDATE
816020,134,UPDATE
816026,124,UPDATE
816027,139,UPDATE
816154,24,UPDATE
816259,126,UPDATE
816286,9,UPDATE
816288,41,UPDATE
816333,123,UPDATE
816484,18,UPDATE
816486,27,UPDATE
816492,18,UPDATE
816493,14,UPDATE
816509,145,UPDATE
816511,45,UPDATE
816629,24,UPDATE
816642,45,UPDATE
816651,61,UPDATE
816679,38,UPDATE
816728,52,UPDATE
816731,66,UPDATE
816767,42,UPDATE
816825,70,UPDATE
817024,43,UPDATE
817025,81,UPDATE
817053,50,UPDATE
817061,164,UPDATE
817408,36,UPDATE
817434,9,UPDATE
817990,43,UPDATE
818215,7,UPDATE
818376,34,UPDATE
819297,34,UPDATE
819302,129,UPDATE
819320,23,UPDATE
819377,59,UPDATE
819382,102,UPDATE
819657,3,UPDATE
819693,20,UPDATE
819812,12,UPDATE
819857,24,UPDATE
819884,105,UPDATE
819972,145,UPDATE
820172,109,UPDATE
820932,58,UPDATE
820971,199,UPDATE
820991,18,UPDATE
821115,2,UPDATE
821276,188,UPDATE
821277,67,UPDATE
821357,123,UPDATE
821495,11,UPDATE
821595,34,UPDATE
821650,172,UPDATE
821687,32,UPDATE
821764,71,UPDATE
821774,48,UPDATE
821840,3,UPDATE
821865,18,UPDATE
822536,159,UPDATE
822682,163,UPDATE
823013,121,UPDATE
823273,188,UPDATE
823345,24,UPDATE
823350,38,UPDATE
823356,115,UPDATE
823362,188,UPDATE
823384,33,UPDATE
823415,32,UPDATE
823534,90,UPDATE
823549,40,UPDATE
823555,22,UPDATE
823619,94,UPDATE
823918,55,UPDATE
824470,14,UPDATE
824813,77,UPDATE
824899,19,UPDATE
824944,58,UPDATE
825823,70,UPDATE
825876,34,UPDATE
825949,48,UPDATE
826013,93,UPDATE
826058,46,UPDATE
826352,138,UPDATE
826632,66,UPDATE
826635,63,UPDATE
827125,35,UPDATE
827209,89,UPDATE
827494,34,UPDATE
827742,4,UPDATE
827756,35,UPDATE
828156,73,UPDATE
828196,113,UPDATE
828199,67,UPDATE
828528,22,UPDATE
828821,3,UPDATE
828838,7,UPDATE
828848,19,UPDATE
829097,24,UPDATE
829140,72,UPDATE
829221,12,UPDATE
829228,27,UPDATE
829721,11,UPDATE
829860,13,UPDATE
829863,17,UPDATE
829876,7,UPDATE
829884,65,UPDATE
830383,9,UPDATE
831114,26,UPDATE
831277,37,UPDATE
831308,40,UPDATE
831530,43,UPDATE
831533,1,UPDATE
831554,131,UPDATE
831561,74,UPDATE
831578,192,UPDATE
831609,50,UPDATE
831699,10,UPDATE
831789,6,UPDATE
831843,17,UPDATE
832048,150,UPDATE
832172,15,UPDATE
832366,29,UPDATE
832763,37,UPDATE
833350,83,UPDATE
833393,60,UPDATE
833536,97,UPDATE
833655,33,UPDATE
833727,46,UPDATE
833746,43,UPDATE
833894,171,UPDATE
834022,19,UPDATE
834029,51,UPDATE
834049,37,UPDATE
834197,144,UPDATE
834480,13,UPDATE
834496,23,UPDATE
834500,3,UPDATE
834550,39,UPDATE
835039,155,UPDATE
835046,50,UPDATE
835051,21,UPDATE
835059,98,UPDATE
835060,38,UPDATE
835107,108,UPDATE
835202,23,UPDATE
835270,106,UPDATE
835442,81,UPDATE
835460,63,UPDATE
835499,82,UPDATE
835902,30,UPDATE
835918,47,UPDATE
835935,94,UPDATE
836350,84,UPDATE
836378,14,UPDATE
836445,13,UPDATE
836462,63,UPDATE
836533,1,UPDATE
836577,110,UPDATE
836581,193,UPDATE
836619,197,UPDATE
836620,15,UPDATE
836634,96,UPDATE
836635,56,UPDATE
836681,13,UPDATE
836737,87,UPDATE
836744,103,UPDATE
836751,89,UPDATE
836794,132,UPDATE
836891,9,UPDATE
836944,102,UPDATE
836988,29,UPDATE
837002,20,UPDATE
837093,23,UPDATE
837174,50,UPDATE
837192,18,UPDATE
837211,24,UPDATE
837281,168,UPDATE
837297,26,UPDATE
837449,73,UPDATE
837464,48,UPDATE
837688,22,UPDATE
837862,134,UPDATE
837874,36,UPDATE
838190,123,UPDATE
838191,150,UPDATE
838526,5,UPDATE
838563,47,UPDATE
838872,16,UPDATE
838978,70,UPDATE
838981,52,UPDATE
838990,152,UPDATE
839060,11,UPDATE
839182,151,UPDATE
839199,195,UPDATE
839218,17,UPDATE
839865,109,UPDATE
839871,97,UPDATE
840571,119,UPDATE
840662,50,UPDATE
840668,59,UPDATE
841548,58,UPDATE
841563,54,UPDATE
841651,14,UPDATE
842330,11,UPDATE
842343,31,UPDATE
842426,94,UPDATE
842438,62,UPDATE
842451,178,UPDATE
842502,109,UPDATE
842642,40,UPDATE
842893,76,UPDATE
843052,32,UPDATE
844657,0,UPDATE
845153,7,UPDATE
845812,8,UPDATE
846033,3,UPDATE
846090,117,UPDATE
846158,9,UPDATE
846237,86,UPDATE
846521,40,UPDATE
846525,25,UPDATE
846577,35,UPDATE
846657,25,UPDATE
846703,22,UPDATE
846793,114,UPDATE
846983,28,UPDATE
846995,18,UPDATE
847154,2,UPDATE
847388,149,UPDATE
847389,50,UPDATE
847407,128,UPDATE
847412,76,UPDATE
847415,73,UPDATE
847949,132,UPDATE
848102,93,UPDATE
848104,168,UPDATE
848138,182,UPDATE
848206,152,UPDATE
848227,3,UPDATE
848237,83,UPDATE
848387,5,UPDATE
848397,125,UPDATE
848756,61,UPDATE
848841,69,UPDATE
849070,38,UPDATE
849078,94,UPDATE
849258,21,UPDATE
849608,95,UPDATE
849619,65,UPDATE
849624,44,UPDATE
849636,133,UPDATE
849659,79,UPDATE
850776,86,UPDATE
850989,175,UPDATE
850995,157,UPDATE
851043,47,UPDATE
851124,15,UPDATE
851156,7,UPDATE
851168,11,UPDATE
851307,13,UPDATE
851316,47,UPDATE
851347,34,UPDATE
851402,31,UPDATE
851951,18,UPDATE
851988,9,UPDATE
852328,34,UPDATE
852449,172,UPDATE
852582,48,UPDATE
852587,189,UPDATE
852591,76,UPDATE
852597,24,UPDATE
852683,193,UPDATE
852729,167,UPDATE
852765,99,UPDATE
852794,139,UPDATE
852826,55,UPDATE
852832,126,UPDATE
852915,42,UPDATE
852934,131,UPDATE
852981,161,UPDATE
853151,185,UPDATE
853255,187,UPDATE
853293,124,UPDATE
853303,61,UPDATE
853363,17,UPDATE
853437,121,UPDATE
853451,151,UPDATE
853460,7,UPDATE
853490,7,UPDATE
853537,57,UPDATE
853599,42,UPDATE
853929,40,UPDATE
853949,43,UPDATE
853969,36,UPDATE
853987,137,UPDATE
853999,83,UPDATE
854007,79,UPDATE
854019,50,UPDATE
854059,113,UPDATE
854079,37,UPDATE
854089,12,UPDATE
854184,56,UPDATE
854204,133,UPDATE
854205,98,UPDATE
854240,196,UPDATE
854288,52,UPDATE
854377,102,UPDATE
854564,52,UPDATE
854566,52,UPDATE
854567,124,UPDATE
854588,81,UPDATE
854592,125,UPDATE
854606,137,UPDATE
854607,155,UPDATE
855166,95,UPDATE
855170,70,UPDATE
855173,182,UPDATE
855194,175,UPDATE
855531,47,UPDATE
855661,35,UPDATE
855736,14,UPDATE
855774,172,UPDATE
855781,168,UPDATE
855838,2,UPDATE
855895,65,UPDATE
855959,156,UPDATE
855969,112,UPDATE
855994,71,UPDATE
856019,193,UPDATE
856033,73,UPDATE
856034,175,UPDATE
856038,62,UPDATE
856039,90,UPDATE
856040,84,UPDATE
856105,190,UPDATE
856139,182,UPDATE
856165,108,UPDATE
856207,53,UPDATE
856210,64,UPDATE
856217,36,UPDATE
856220,86,UPDATE
856287,32,UPDATE
856288,70,UPDATE
856362,164,UPDATE
856368,12,UPDATE
856402,129,UPDATE
856566,152,UPDATE
856572,91,UPDATE
856582,128,UPDATE
856589,164,UPDATE
856603,85,UPDATE
856605,58,UPDATE
856625,192,UPDATE
856640,154,UPDATE
856647,84,UPDATE
856663,33,UPDATE
856679,124,UPDATE
856686,75,UPDATE
856719,78,UPDATE
856725,56,UPDATE
856841,109,UPDATE
856939,68,UPDATE
856949,146,UPDATE
856994,117,UPDATE
857071,195,UPDATE
857116,195,UPDATE
857122,164,UPDATE
857142,61,UPDATE
857196,101,UPDATE
857207,114,UPDATE
857234,22,UPDATE
857265,88,UPDATE
857320,55,UPDATE
857657,112,UPDATE
857716,91,UPDATE
857719,154,UPDATE
857770,136,UPDATE
857776,21,UPDATE
857786,152,UPDATE
857821,42,UPDATE
857824,135,UPDATE
857839,21,UPDATE
857844,126,UPDATE
857852,23,UPDATE
857890,184,UPDATE
857967,19,UPDATE
858005,103,UPDATE
858089,78,UPDATE
858104,161,UPDATE
858532,187,UPDATE
858751,40,UPDATE
858754,54,UPDATE
858773,37,UPDATE
858803,163,UPDATE
858870,5,UPDATE
859027,154,UPDATE
859028,122,UPDATE
859036,21,UPDATE
859062,43,UPDATE
859132,90,UPDATE
859134,63,UPDATE
859135,110,UPDATE
859393,44,UPDATE
859394,107,UPDATE
859844,12,UPDATE
859896,160,UPDATE
859901,62,UPDATE
859952,75,UPDATE
859989,10,UPDATE
859990,35,UPDATE
859996,56,UPDATE
860069,198,UPDATE
860079,162,UPDATE
860081,81,UPDATE
860094,104,UPDATE
860285,47,UPDATE
860292,90,UPDATE
860319,89,UPDATE
860324,34,UPDATE
860383,76,UPDATE
860440,39,UPDATE
860688,154,UPDATE
860691,35,UPDATE
860696,34,UPDATE
860709,154,UPDATE
860737,139,UPDATE
860828,13,UPDATE
861083,10,UPDATE
861252,32,UPDATE
861302,49,UPDATE
861338,114,UPDATE
861490,66,UPDATE
861589,41,UPDATE
861661,128,UPDATE
861733,150,UPDATE
861870,113,UPDATE
861907,18,UPDATE
862053,94,UPDATE
862102,164,UPDATE
862205,32,UPDATE
862229,36,UPDATE
862288,25,UPDATE
862404,106,UPDATE
862593,143,UPDATE
862728,68,UPDATE
862752,179,UPDATE
862822,27,UPDATE
862883,134,UPDATE
862915,137,UPDATE
863007,65,UPDATE
863012,30,UPDATE
863014,128,UPDATE
863159,149,UPDATE
863446,134,UPDATE
864188,37,UPDATE
864193,49,UPDATE
864248,40,UPDATE
864264,30,UPDATE
864281,15,UPDATE
865055,177,UPDATE
865126,25,UPDATE
865984,61,UPDATE
866956,5,UPDATE
868310,43,UPDATE
868317,69,UPDATE
869738,31,UPDATE
871654,57,UPDATE
871681,168,UPDATE
872390,9,UPDATE
873305,25,UPDATE
873324,7,UPDATE
873385,17,UPDATE
873421,21,UPDATE
879446,49,UPDATE
879958,36,UPDATE
90335,28,UPDATE
90337,144,UPDATE
90466,76,UPDATE
93102,14,UPDATE
93525,101,UPDATE
93554,3,UPDATE
