Variant SKU,Variant Price,Variant Cost,Variant Command
136071,319,197.0,UPDATE
136130,319,199.0,UPDATE
136187,379,233.0,UPDATE
148361,239,145.0,UPDATE
149807,569,354.0,UPDATE
149893,419,262.0,UPDATE
151043,549,342.0,UPDATE
151059,549,342.0,UPDATE
151400,3079,1920.0,UPDATE
152004,1049,655.0,UPDATE
152025,659,412.0,UPDATE
153608,699,435.0,UPDATE
153614,559,350.0,UPDATE
240432,3779,2359.0,UPDATE
241077,3099,1935.0,UPDATE
241131,2369,1479.0,UPDATE
243511,1169,731.0,UPDATE
243528,3009,1881.0,UPDATE
243774,269,165.0,UPDATE
243855,249,151.0,UPDATE
243959,1749,1090.0,UPDATE
244192,619,386.0,UPDATE
244346,1509,940.0,UPDATE
244496,2639,1647.0,UPDATE
244784,2739,1708.0,UPDATE
244946,7399,4619.0,UPDATE
244947,2419,1507.0,UPDATE
245412,1519,944.0,UPDATE
245654,2309,1439.0,UPDATE
245656,2469,1543.0,UPDATE
245722,839,523.0,UPDATE
246142,2149,1340.0,UPDATE
246290,1269,789.0,UPDATE
246726,579,362.0,UPDATE
246952,2619,1632.0,UPDATE
247491,6019,3761.0,UPDATE
247515,2439,1521.0,UPDATE
247605,519,323.0,UPDATE
247967,2709,1691.0,UPDATE
249813,1259,787.0,UPDATE
249884,1839,1150.0,UPDATE
249901,1529,954.0,UPDATE
275135,5949,3716.0,UPDATE
276332,2269,1417.0,UPDATE
277539,3789,2364.0,UPDATE
277571,3709,2317.0,UPDATE
280015,1789,1118.0,UPDATE
281349,3039,1894.0,UPDATE
281606,1369,855.0,UPDATE
281726,2089,1303.0,UPDATE
281784,2519,1573.0,UPDATE
282154,1609,1003.0,UPDATE
282157,729,454.0,UPDATE
282458,449,276.0,UPDATE
282712,3589,2242.0,UPDATE
282805,1069,667.0,UPDATE
282817,1869,1166.0,UPDATE
283288,1239,774.0,UPDATE
283645,379,234.0,UPDATE
283916,1789,1117.0,UPDATE
284164,1059,660.0,UPDATE
284601,1029,640.0,UPDATE
285291,1359,848.0,UPDATE
285338,1529,953.0,UPDATE
285518,2809,1754.0,UPDATE
285602,3199,1997.0,UPDATE
285824,1519,950.0,UPDATE
286146,1819,1133.0,UPDATE
286277,1939,1208.0,UPDATE
286605,1559,973.0,UPDATE
287420,1189,741.0,UPDATE
287856,729,452.0,UPDATE
287962,2709,1691.0,UPDATE
288375,459,282.0,UPDATE
289102,789,490.0,UPDATE
289105,1589,990.0,UPDATE
289756,1689,1051.0,UPDATE
30143,319,200.0,UPDATE
30144,519,321.0,UPDATE
3051286,2299,1433.0,UPDATE
3051289,2499,1557.0,UPDATE
3051290,2499,1557.0,UPDATE
3051416,1379,859.0,UPDATE
3051514,529,330.0,UPDATE
3051577,459,286.0,UPDATE
3058189,2869,1791.0,UPDATE
3058193,3939,2457.0,UPDATE
3058195,5029,3142.0,UPDATE
3058197,4649,2903.0,UPDATE
3058199,5749,3588.0,UPDATE
3058217,6809,4254.0,UPDATE
3058219,6319,3944.0,UPDATE
3058221,8559,5350.0,UPDATE
3058231,5359,3346.0,UPDATE
3058237,4649,2903.0,UPDATE
3062557,3519,2197.0,UPDATE
3068870,2819,1760.0,UPDATE
3070777,2429,1518.0,UPDATE
3070782,2479,1550.0,UPDATE
3070787,2559,1595.0,UPDATE
3070792,2419,1509.0,UPDATE
3074956,3049,1902.0,UPDATE
3077663,1119,700.0,UPDATE
3078711,1819,1137.0,UPDATE
3078998,2229,1391.0,UPDATE
3079007,2709,1688.0,UPDATE
3079011,1759,1094.0,UPDATE
3079028,2629,1638.0,UPDATE
3079038,2799,1749.0,UPDATE
3079098,1549,963.0,UPDATE
3080734,849,530.0,UPDATE
3087128,2159,1350.0,UPDATE
3087129,3399,2125.0,UPDATE
3087597,769,478.0,UPDATE
3093489,1639,1023.0,UPDATE
3097704,1239,770.0,UPDATE
3097750,1029,638.0,UPDATE
3097882,1189,739.0,UPDATE
3098029,1149,714.0,UPDATE
310382,629,392.0,UPDATE
310499,649,406.0,UPDATE
310982,249,155.0,UPDATE
311078,449,276.0,UPDATE
311187,459,287.0,UPDATE
311191,739,461.0,UPDATE
311231,399,250.0,UPDATE
3114416,2559,1594.0,UPDATE
3114440,1569,978.0,UPDATE
3114544,2209,1378.0,UPDATE
3114584,2409,1502.0,UPDATE
3116292,859,537.0,UPDATE
311886,729,454.0,UPDATE
3119540,1069,666.0,UPDATE
3120526,889,555.0,UPDATE
3120623,1089,678.0,UPDATE
3121454,599,375.0,UPDATE
3121459,599,375.0,UPDATE
3121555,639,398.0,UPDATE
3122384,1149,717.0,UPDATE
3123078,759,475.0,UPDATE
3123083,759,472.0,UPDATE
3123179,799,500.0,UPDATE
312343,759,469.0,UPDATE
3124008,1349,840.0,UPDATE
312460,1519,945.0,UPDATE
3125522,2009,1254.0,UPDATE
3126095,4409,2756.0,UPDATE
3126103,5089,3177.0,UPDATE
3126183,5019,3134.0,UPDATE
3126255,4419,2759.0,UPDATE
3126263,5099,3184.0,UPDATE
3126335,4419,2762.0,UPDATE
3126343,5109,3189.0,UPDATE
3126415,4419,2760.0,UPDATE
3126423,5099,3187.0,UPDATE
3126495,4529,2828.0,UPDATE
3126575,4529,2830.0,UPDATE
3126583,5139,3207.0,UPDATE
3126654,4689,2928.0,UPDATE
3126663,5209,3254.0,UPDATE
3126734,4709,2942.0,UPDATE
3126743,5139,3208.0,UPDATE
3126814,4689,2931.0,UPDATE
3126823,5229,3265.0,UPDATE
3126894,4709,2941.0,UPDATE
3126903,5229,3265.0,UPDATE
3126974,4699,2932.0,UPDATE
3126983,5229,3266.0,UPDATE
3127054,4809,3006.0,UPDATE
3127134,4719,2950.0,UPDATE
3127143,5269,3288.0,UPDATE
3127360,3139,1962.0,UPDATE
3127420,3159,1972.0,UPDATE
3127480,3149,1964.0,UPDATE
3127515,5259,3287.0,UPDATE
3127516,5099,3187.0,UPDATE
3127600,3149,1967.0,UPDATE
3127635,5309,3314.0,UPDATE
3127636,5109,3188.0,UPDATE
3127660,3159,1973.0,UPDATE
3127695,5329,3328.0,UPDATE
3127696,5139,3209.0,UPDATE
3127720,3119,1944.0,UPDATE
3127755,5329,3326.0,UPDATE
3127756,5069,3163.0,UPDATE
3129096,4639,2898.0,UPDATE
3129113,5679,3546.0,UPDATE
3129200,3319,2072.0,UPDATE
3129216,4679,2925.0,UPDATE
3129233,5679,3546.0,UPDATE
3129276,4689,2930.0,UPDATE
3129320,3319,2073.0,UPDATE
3129336,4649,2905.0,UPDATE
3129380,3439,2147.0,UPDATE
3129396,4899,3061.0,UPDATE
3129413,5939,3707.0,UPDATE
3129440,3339,2087.0,UPDATE
3129456,4829,3014.0,UPDATE
3129473,5749,3590.0,UPDATE
3129563,4409,2753.0,UPDATE
3129571,5069,3165.0,UPDATE
3129651,4999,3119.0,UPDATE
3129723,4409,2756.0,UPDATE
3129731,5069,3166.0,UPDATE
3129803,4419,2760.0,UPDATE
3129811,5079,3170.0,UPDATE
3129883,4419,2758.0,UPDATE
3129891,5079,3171.0,UPDATE
3129963,4539,2834.0,UPDATE
3130043,4529,2831.0,UPDATE
3130051,5109,3189.0,UPDATE
3130122,4659,2911.0,UPDATE
3130131,5199,3247.0,UPDATE
3130202,4679,2925.0,UPDATE
3130211,5119,3198.0,UPDATE
3130282,4669,2914.0,UPDATE
3130291,5199,3248.0,UPDATE
3130362,4669,2917.0,UPDATE
3130371,5209,3252.0,UPDATE
3130442,4669,2916.0,UPDATE
3130451,5209,3253.0,UPDATE
3130522,4789,2990.0,UPDATE
3130602,4699,2933.0,UPDATE
3130611,5239,3271.0,UPDATE
3130635,2979,1861.0,UPDATE
3130825,2849,1779.0,UPDATE
3130828,3119,1946.0,UPDATE
3130861,5079,3169.0,UPDATE
3130888,3139,1957.0,UPDATE
3130945,2849,1781.0,UPDATE
3130948,3119,1948.0,UPDATE
3130981,5079,3169.0,UPDATE
3130983,5269,3288.0,UPDATE
3130984,5079,3172.0,UPDATE
3131005,2849,1781.0,UPDATE
3131065,2859,1784.0,UPDATE
3131068,3129,1952.0,UPDATE
3131103,5259,3285.0,UPDATE
3131104,5079,3173.0,UPDATE
3131125,2919,1820.0,UPDATE
3131128,3189,1989.0,UPDATE
3131161,5119,3195.0,UPDATE
3131163,5399,3373.0,UPDATE
3131164,5119,3194.0,UPDATE
3131185,2869,1792.0,UPDATE
3131188,3149,1963.0,UPDATE
3131221,5109,3191.0,UPDATE
3131223,5299,3310.0,UPDATE
3131224,5119,3199.0,UPDATE
3131291,5779,3609.0,UPDATE
3131451,5799,3622.0,UPDATE
3131531,5809,3631.0,UPDATE
3131611,5819,3634.0,UPDATE
3131771,5869,3667.0,UPDATE
3131851,5899,3687.0,UPDATE
3132011,5919,3700.0,UPDATE
3132091,5949,3717.0,UPDATE
3132171,5939,3712.0,UPDATE
3132331,5999,3746.0,UPDATE
3132954,3089,1931.0,UPDATE
3132957,3239,2022.0,UPDATE
3132961,3219,2012.0,UPDATE
3132963,3349,2090.0,UPDATE
3132965,3269,2043.0,UPDATE
3132969,3269,2043.0,UPDATE
3132979,3379,2110.0,UPDATE
3133007,4529,2827.0,UPDATE
3133031,2939,1833.0,UPDATE
3133037,3319,2071.0,UPDATE
3133041,3299,2059.0,UPDATE
3133042,3239,2020.0,UPDATE
3133045,3289,2054.0,UPDATE
3133049,3349,2090.0,UPDATE
3133050,3169,1979.0,UPDATE
3133111,2919,1825.0,UPDATE
3133114,3099,1937.0,UPDATE
3133117,3309,2064.0,UPDATE
3133121,3239,2019.0,UPDATE
3133123,3349,2092.0,UPDATE
3133125,3279,2047.0,UPDATE
3133129,3279,2050.0,UPDATE
3133137,3449,2155.0,UPDATE
3133139,3389,2118.0,UPDATE
3133167,4529,2830.0,UPDATE
3133191,2949,1838.0,UPDATE
3133194,3049,1905.0,UPDATE
3133197,3319,2072.0,UPDATE
3133201,3229,2018.0,UPDATE
3133203,3359,2097.0,UPDATE
3133205,3289,2055.0,UPDATE
3133209,3279,2049.0,UPDATE
3133217,3399,2120.0,UPDATE
3133247,4539,2833.0,UPDATE
3133274,3089,1928.0,UPDATE
3133277,3369,2102.0,UPDATE
3133281,3299,2061.0,UPDATE
3133285,3339,2084.0,UPDATE
3133289,3349,2092.0,UPDATE
3133327,4529,2831.0,UPDATE
3133351,2929,1829.0,UPDATE
3133354,3039,1900.0,UPDATE
3133357,3439,2146.0,UPDATE
3133363,3359,2095.0,UPDATE
3133365,3409,2127.0,UPDATE
3133407,4639,2899.0,UPDATE
3133437,3389,2113.0,UPDATE
3133445,3359,2095.0,UPDATE
3133459,3399,2123.0,UPDATE
3133487,4649,2902.0,UPDATE
3133521,3289,2055.0,UPDATE
3133539,3449,2154.0,UPDATE
3133566,4809,3003.0,UPDATE
3133601,3369,2103.0,UPDATE
3133602,3239,2022.0,UPDATE
3133605,3079,1922.0,UPDATE
313361,429,265.0,UPDATE
3133610,3119,1946.0,UPDATE
3133646,4829,3017.0,UPDATE
3133681,3299,2062.0,UPDATE
3133697,3329,2080.0,UPDATE
3133699,3459,2162.0,UPDATE
3133726,4829,3018.0,UPDATE
3133761,3299,2061.0,UPDATE
3133777,3279,2048.0,UPDATE
3133806,4819,3009.0,UPDATE
3133841,3369,2105.0,UPDATE
3133886,4819,3008.0,UPDATE
3133966,4939,3082.0,UPDATE
3134019,3469,2167.0,UPDATE
3134046,4839,3025.0,UPDATE
3134079,3139,1961.0,UPDATE
3134088,3559,2219.0,UPDATE
3134130,3019,1885.0,UPDATE
3134139,3099,1934.0,UPDATE
3134140,3089,1931.0,UPDATE
3134146,3319,2075.0,UPDATE
3134148,3499,2187.0,UPDATE
3134190,3039,1895.0,UPDATE
3134199,3159,1975.0,UPDATE
3134208,3519,2198.0,UPDATE
3134260,3199,1995.0,UPDATE
3134369,3019,1885.0,UPDATE
3134370,2959,1849.0,UPDATE
3134371,2949,1842.0,UPDATE
3134373,2899,1812.0,UPDATE
3134376,3079,1921.0,UPDATE
3134377,3039,1895.0,UPDATE
3134380,3199,1997.0,UPDATE
3134383,3079,1922.0,UPDATE
3134385,3259,2036.0,UPDATE
3134397,3809,2379.0,UPDATE
3134428,5209,3256.0,UPDATE
3134429,3019,1883.0,UPDATE
3134431,2999,1870.0,UPDATE
3134433,2939,1836.0,UPDATE
3134436,3089,1928.0,UPDATE
3134437,2979,1860.0,UPDATE
3134440,3209,2003.0,UPDATE
3134443,3019,1886.0,UPDATE
3134445,3259,2033.0,UPDATE
3134457,3809,2377.0,UPDATE
3134500,3209,2004.0,UPDATE
3134548,5219,3257.0,UPDATE
3134549,3019,1887.0,UPDATE
3134550,3029,1890.0,UPDATE
3134553,2959,1845.0,UPDATE
3134556,3199,2000.0,UPDATE
3134557,3039,1899.0,UPDATE
3134560,3209,2006.0,UPDATE
3134563,3079,1925.0,UPDATE
3134565,3319,2075.0,UPDATE
3134608,5249,3276.0,UPDATE
3134610,2979,1862.0,UPDATE
3134611,2969,1854.0,UPDATE
3134616,3159,1969.0,UPDATE
3134617,3059,1907.0,UPDATE
3134620,3169,1977.0,UPDATE
3134623,3099,1934.0,UPDATE
3134625,3279,2045.0,UPDATE
3134637,3819,2383.0,UPDATE
3134668,5239,3271.0,UPDATE
3134689,3809,2378.0,UPDATE
3134849,3819,2384.0,UPDATE
3134929,3819,2386.0,UPDATE
3135009,3819,2384.0,UPDATE
3135089,3889,2426.0,UPDATE
3135169,3779,2359.0,UPDATE
3135237,3489,2177.0,UPDATE
3135238,3219,2008.0,UPDATE
3135257,3569,2227.0,UPDATE
3135259,3689,2304.0,UPDATE
3135317,3449,2156.0,UPDATE
3135318,3239,2025.0,UPDATE
3135337,3599,2245.0,UPDATE
3135395,3339,2085.0,UPDATE
3135397,3499,2182.0,UPDATE
3135398,3219,2012.0,UPDATE
3135417,3569,2228.0,UPDATE
3135419,3769,2351.0,UPDATE
3135477,3509,2188.0,UPDATE
3135478,3239,2020.0,UPDATE
3135497,3579,2233.0,UPDATE
3135555,3339,2087.0,UPDATE
3135558,3229,2015.0,UPDATE
3135579,3709,2313.0,UPDATE
3135635,3409,2129.0,UPDATE
3135637,3569,2228.0,UPDATE
3135638,3359,2096.0,UPDATE
3135657,3709,2313.0,UPDATE
3135659,3849,2405.0,UPDATE
3135717,3529,2206.0,UPDATE
3135718,3259,2037.0,UPDATE
3135737,3609,2254.0,UPDATE
3135739,3799,2371.0,UPDATE
3135790,3339,2084.0,UPDATE
3135795,3409,2129.0,UPDATE
3135808,4009,2505.0,UPDATE
3135850,3379,2108.0,UPDATE
3135868,3829,2388.0,UPDATE
3135910,3439,2146.0,UPDATE
3135915,3439,2146.0,UPDATE
3135928,3909,2438.0,UPDATE
3135977,3309,2065.0,UPDATE
3136008,4759,2973.0,UPDATE
3136037,3269,2041.0,UPDATE
3136057,4029,2517.0,UPDATE
3136097,3319,2075.0,UPDATE
3136117,4099,2560.0,UPDATE
3136128,4809,3003.0,UPDATE
3136157,3319,2075.0,UPDATE
3136188,4819,3008.0,UPDATE
3136217,3319,2073.0,UPDATE
3136237,3959,2475.0,UPDATE
3136248,4769,2980.0,UPDATE
3136277,3399,2119.0,UPDATE
3136297,3999,2500.0,UPDATE
3136308,4949,3088.0,UPDATE
3136337,3339,2087.0,UPDATE
3136357,4119,2569.0,UPDATE
3136368,4959,3096.0,UPDATE
3136455,5989,3739.0,UPDATE
3136615,6009,3752.0,UPDATE
3136695,6019,3761.0,UPDATE
3136775,6029,3764.0,UPDATE
3136935,6079,3797.0,UPDATE
3137714,3929,2456.0,UPDATE
3137728,4859,3032.0,UPDATE
3137745,5809,3627.0,UPDATE
3137848,4859,3035.0,UPDATE
3137865,5809,3628.0,UPDATE
3137908,4859,3034.0,UPDATE
3137954,3939,2459.0,UPDATE
3137968,4869,3039.0,UPDATE
3138014,3999,2498.0,UPDATE
3138028,4999,3125.0,UPDATE
3138045,5969,3729.0,UPDATE
3138074,3969,2476.0,UPDATE
3138088,4999,3122.0,UPDATE
3138105,5869,3665.0,UPDATE
3138129,4019,2512.0,UPDATE
3138289,4029,2518.0,UPDATE
3138369,4039,2520.0,UPDATE
3138449,4029,2517.0,UPDATE
3138529,4089,2556.0,UPDATE
3138609,3989,2491.0,UPDATE
3138677,3689,2305.0,UPDATE
3138697,3829,2391.0,UPDATE
3138699,3949,2468.0,UPDATE
3138757,3659,2282.0,UPDATE
3138777,3789,2368.0,UPDATE
3138835,3539,2209.0,UPDATE
3138837,3699,2310.0,UPDATE
3138857,3829,2392.0,UPDATE
3138859,3959,2473.0,UPDATE
3138917,3709,2316.0,UPDATE
3138937,3839,2396.0,UPDATE
3138995,3539,2211.0,UPDATE
3139019,3969,2476.0,UPDATE
3139075,3599,2250.0,UPDATE
3139077,3839,2394.0,UPDATE
3139097,3899,2435.0,UPDATE
3139099,4119,2574.0,UPDATE
3139157,3739,2334.0,UPDATE
3139177,3809,2376.0,UPDATE
3139179,3989,2492.0,UPDATE
3139230,3549,2213.0,UPDATE
3139235,3599,2250.0,UPDATE
3139248,4219,2633.0,UPDATE
3139290,3579,2234.0,UPDATE
3139308,4089,2556.0,UPDATE
3139350,3649,2276.0,UPDATE
3139355,3629,2267.0,UPDATE
3139368,4109,2563.0,UPDATE
3139907,4249,2654.0,UPDATE
3139915,4659,2912.0,UPDATE
3139995,4689,2928.0,UPDATE
3140067,4179,2609.0,UPDATE
3140075,4669,2918.0,UPDATE
314008,289,181.0,UPDATE
3140147,4179,2612.0,UPDATE
3140155,4679,2923.0,UPDATE
3140227,4179,2610.0,UPDATE
3140235,4679,2923.0,UPDATE
3140307,4289,2678.0,UPDATE
3140387,4369,2727.0,UPDATE
3140395,4709,2941.0,UPDATE
3140466,4519,2823.0,UPDATE
3140475,4769,2981.0,UPDATE
3140546,4459,2783.0,UPDATE
3140555,4799,2998.0,UPDATE
3140626,4529,2827.0,UPDATE
3140635,4779,2987.0,UPDATE
3140706,4529,2829.0,UPDATE
3140715,4789,2993.0,UPDATE
3140786,4529,2828.0,UPDATE
3140795,4789,2992.0,UPDATE
3140866,4559,2847.0,UPDATE
3140946,4559,2846.0,UPDATE
3140955,4819,3010.0,UPDATE
3140979,2819,1761.0,UPDATE
3141172,2899,1812.0,UPDATE
3141174,3279,2050.0,UPDATE
3141232,2919,1822.0,UPDATE
3141292,2909,1814.0,UPDATE
3141294,3289,2052.0,UPDATE
3141327,5049,3153.0,UPDATE
3141328,4869,3042.0,UPDATE
3141349,2659,1657.0,UPDATE
3141354,3299,2058.0,UPDATE
3141412,2909,1817.0,UPDATE
3141414,3289,2055.0,UPDATE
3141447,5069,3164.0,UPDATE
3141448,4869,3043.0,UPDATE
3141469,2719,1697.0,UPDATE
3141472,2969,1856.0,UPDATE
3141474,3409,2128.0,UPDATE
3141505,4909,3068.0,UPDATE
3141507,5189,3238.0,UPDATE
3141508,4909,3066.0,UPDATE
3141532,2929,1829.0,UPDATE
3141534,3309,2063.0,UPDATE
3141567,5089,3176.0,UPDATE
3141568,4899,3058.0,UPDATE
3141635,5449,3405.0,UPDATE
314174,379,232.0,UPDATE
3141795,5369,3353.0,UPDATE
3141875,5389,3364.0,UPDATE
3141955,5389,3363.0,UPDATE
3142115,5439,3398.0,UPDATE
3142195,5569,3481.0,UPDATE
3142355,5489,3426.0,UPDATE
3142435,5499,3437.0,UPDATE
3142515,5499,3436.0,UPDATE
3142675,5559,3472.0,UPDATE
3142894,3649,2276.0,UPDATE
3142908,4429,2764.0,UPDATE
3142925,5489,3429.0,UPDATE
3143012,3089,1930.0,UPDATE
3143028,4469,2793.0,UPDATE
3143045,5489,3430.0,UPDATE
3143088,4479,2799.0,UPDATE
3143132,3089,1930.0,UPDATE
3143134,3649,2279.0,UPDATE
3143148,4439,2771.0,UPDATE
3143192,3209,2006.0,UPDATE
3143194,3719,2322.0,UPDATE
3143208,4609,2881.0,UPDATE
3143225,5649,3531.0,UPDATE
3143252,3119,1945.0,UPDATE
3143254,3679,2296.0,UPDATE
3143268,4619,2882.0,UPDATE
3143285,5469,3415.0,UPDATE
3144193,4329,2703.0,UPDATE
3144317,2349,1464.0,UPDATE
3144320,2619,1636.0,UPDATE
3144353,4399,2748.0,UPDATE
3144355,4659,2908.0,UPDATE
3144356,4399,2749.0,UPDATE
3144668,2649,1651.0,UPDATE
3144701,4579,2862.0,UPDATE
314672,299,185.0,UPDATE
314930,379,234.0,UPDATE
3152126,3369,2104.0,UPDATE
3152722,1569,976.0,UPDATE
3152730,1449,905.0,UPDATE
3152738,1379,857.0,UPDATE
3152746,1619,1011.0,UPDATE
3152754,1269,790.0,UPDATE
3152762,1579,984.0,UPDATE
315348,329,204.0,UPDATE
315374,369,231.0,UPDATE
3154978,3839,2399.0,UPDATE
3154979,3679,2297.0,UPDATE
3157233,3849,2403.0,UPDATE
3157532,4929,3076.0,UPDATE
315939,1549,966.0,UPDATE
316033,2969,1853.0,UPDATE
316254,709,440.0,UPDATE
316566,3119,1947.0,UPDATE
316817,519,321.0,UPDATE
317064,369,230.0,UPDATE
317732,1849,1152.0,UPDATE
318226,839,523.0,UPDATE
318340,1569,979.0,UPDATE
318347,1069,664.0,UPDATE
318651,2429,1514.0,UPDATE
318665,2679,1669.0,UPDATE
3188086,4569,2853.0,UPDATE
3189941,1159,720.0,UPDATE
319321,449,279.0,UPDATE
319405,349,216.0,UPDATE
319572,1129,706.0,UPDATE
3195747,1519,946.0,UPDATE
319587,879,547.0,UPDATE
319588,789,488.0,UPDATE
319594,2809,1756.0,UPDATE
319597,3119,1944.0,UPDATE
319598,2189,1366.0,UPDATE
319600,819,512.0,UPDATE
319601,1069,663.0,UPDATE
319604,2159,1348.0,UPDATE
319605,2509,1565.0,UPDATE
319606,3209,2005.0,UPDATE
319608,3299,2059.0,UPDATE
319609,1599,995.0,UPDATE
319610,2579,1612.0,UPDATE
319611,2119,1320.0,UPDATE
319612,4129,2578.0,UPDATE
3196155,2049,1277.0,UPDATE
319718,1199,744.0,UPDATE
3197966,1199,748.0,UPDATE
320242,469,288.0,UPDATE
3203740,1269,790.0,UPDATE
3203747,1079,674.0,UPDATE
3203763,1209,751.0,UPDATE
3203854,1519,945.0,UPDATE
3203873,1469,914.0,UPDATE
3203889,1699,1058.0,UPDATE
320597,339,207.0,UPDATE
3209290,6619,4133.0,UPDATE
3209297,4829,3013.0,UPDATE
3210550,3479,2169.0,UPDATE
3210610,4249,2655.0,UPDATE
321628,349,215.0,UPDATE
321646,1019,634.0,UPDATE
322368,539,335.0,UPDATE
322742,309,192.0,UPDATE
323517,2179,1357.0,UPDATE
323598,1879,1169.0,UPDATE
325527,739,459.0,UPDATE
3263111,2299,1433.0,UPDATE
3263131,2819,1761.0,UPDATE
3263171,3629,2263.0,UPDATE
3263191,3769,2355.0,UPDATE
3263211,3769,2355.0,UPDATE
3263221,4289,2676.0,UPDATE
3263271,4429,2767.0,UPDATE
3263441,2399,1496.0,UPDATE
3263461,2959,1846.0,UPDATE
3263481,3759,2345.0,UPDATE
3263501,3839,2397.0,UPDATE
3263521,3839,2397.0,UPDATE
3263531,4369,2730.0,UPDATE
3263581,4529,2827.0,UPDATE
3263751,2409,1501.0,UPDATE
3263771,2959,1845.0,UPDATE
3263791,3739,2336.0,UPDATE
3263811,3899,2433.0,UPDATE
3263831,3899,2433.0,UPDATE
3263841,4429,2766.0,UPDATE
3263891,4499,2809.0,UPDATE
3264061,2509,1563.0,UPDATE
3264081,3049,1905.0,UPDATE
3264101,3839,2397.0,UPDATE
3264121,4029,2514.0,UPDATE
3264141,4029,2514.0,UPDATE
3264151,4559,2847.0,UPDATE
3264201,4679,2921.0,UPDATE
3264371,2709,1689.0,UPDATE
3264391,3279,2048.0,UPDATE
3264411,4039,2523.0,UPDATE
3264431,4149,2588.0,UPDATE
3264451,4149,2588.0,UPDATE
3264461,4699,2933.0,UPDATE
3264511,4829,3013.0,UPDATE
3265269,2319,1449.0,UPDATE
3265283,2869,1788.0,UPDATE
3265297,3639,2269.0,UPDATE
3265311,3789,2366.0,UPDATE
3265325,3789,2366.0,UPDATE
3265486,2529,1579.0,UPDATE
3265500,3039,1900.0,UPDATE
3265514,3839,2400.0,UPDATE
3265528,4009,2502.0,UPDATE
3265542,4009,2502.0,UPDATE
3265703,2429,1516.0,UPDATE
3265717,2979,1860.0,UPDATE
3265731,3759,2350.0,UPDATE
3265745,3919,2449.0,UPDATE
3265759,3919,2449.0,UPDATE
3266235,5039,3148.0,UPDATE
3266245,5519,3445.0,UPDATE
3270193,4139,2584.0,UPDATE
3270200,4189,2617.0,UPDATE
327329,909,564.0,UPDATE
327330,1359,844.0,UPDATE
3274635,3749,2342.0,UPDATE
3274655,4539,2833.0,UPDATE
3274665,4689,2931.0,UPDATE
3274675,4689,2931.0,UPDATE
3274705,5279,3298.0,UPDATE
3274805,3819,2386.0,UPDATE
3274815,4639,2895.0,UPDATE
3274825,4799,2995.0,UPDATE
3274835,4799,2995.0,UPDATE
3274865,5409,3377.0,UPDATE
3274965,3809,2376.0,UPDATE
3274975,4609,2876.0,UPDATE
3274985,4769,2978.0,UPDATE
3274995,4769,2978.0,UPDATE
3275025,5459,3408.0,UPDATE
3275125,3969,2479.0,UPDATE
3275135,4699,2937.0,UPDATE
3275145,4899,3059.0,UPDATE
3275155,4899,3059.0,UPDATE
3275185,5559,3471.0,UPDATE
3275285,4179,2608.0,UPDATE
3275295,4939,3083.0,UPDATE
3275305,5049,3153.0,UPDATE
3275315,5049,3153.0,UPDATE
3275345,5719,3573.0,UPDATE
3275463,3649,2281.0,UPDATE
3275477,4409,2755.0,UPDATE
3275484,4559,2850.0,UPDATE
3275491,4559,2850.0,UPDATE
3275512,5219,3258.0,UPDATE
3275582,3779,2361.0,UPDATE
3275589,4499,2812.0,UPDATE
3275596,4659,2909.0,UPDATE
3275603,4659,2909.0,UPDATE
3275624,5339,3334.0,UPDATE
3275694,3769,2352.0,UPDATE
3275701,4549,2843.0,UPDATE
3275708,4719,2944.0,UPDATE
3275715,4719,2944.0,UPDATE
3275736,5299,3308.0,UPDATE
3275806,3859,2411.0,UPDATE
3275813,4649,2903.0,UPDATE
3275820,4839,3024.0,UPDATE
3275827,4839,3024.0,UPDATE
3275848,5489,3427.0,UPDATE
3275918,4059,2534.0,UPDATE
3275925,4879,3045.0,UPDATE
3275932,4899,3060.0,UPDATE
3275939,4899,3060.0,UPDATE
3275960,5649,3526.0,UPDATE
3276030,3669,2288.0,UPDATE
3276037,4509,2816.0,UPDATE
3276044,4599,2869.0,UPDATE
3276051,4599,2869.0,UPDATE
3276135,3869,2415.0,UPDATE
3276142,4669,2915.0,UPDATE
3276149,4839,3021.0,UPDATE
3276156,4839,3021.0,UPDATE
3276240,3789,2366.0,UPDATE
3276247,4579,2857.0,UPDATE
3276254,4739,2959.0,UPDATE
3276261,4739,2959.0,UPDATE
3276501,5989,3743.0,UPDATE
3276511,5919,3695.0,UPDATE
3278261,1509,939.0,UPDATE
3278271,2429,1516.0,UPDATE
3282393,2519,1574.0,UPDATE
3282911,2339,1461.0,UPDATE
328365,1009,627.0,UPDATE
3283778,589,365.0,UPDATE
3284218,2569,1603.0,UPDATE
3284254,3419,2135.0,UPDATE
3284651,1829,1138.0,UPDATE
3284754,1459,907.0,UPDATE
3284755,1459,908.0,UPDATE
3285025,1539,958.0,UPDATE
3285265,2859,1786.0,UPDATE
3285276,3639,2274.0,UPDATE
3285301,5149,3215.0,UPDATE
3285396,4679,2923.0,UPDATE
3285493,4899,3058.0,UPDATE
3285590,4819,3009.0,UPDATE
3285622,2049,1279.0,UPDATE
3285625,2059,1283.0,UPDATE
3285657,4619,2887.0,UPDATE
3285667,5179,3236.0,UPDATE
3286230,3189,1993.0,UPDATE
3286236,3199,1995.0,UPDATE
3286242,3199,2000.0,UPDATE
3286248,3209,2005.0,UPDATE
3286277,3979,2484.0,UPDATE
3286283,3979,2486.0,UPDATE
3286289,4039,2522.0,UPDATE
3286295,3999,2496.0,UPDATE
3286631,3939,2457.0,UPDATE
3287658,2279,1425.0,UPDATE
3287661,2289,1428.0,UPDATE
3287664,2289,1426.0,UPDATE
3287667,2289,1430.0,UPDATE
3287670,2329,1452.0,UPDATE
3287673,2339,1459.0,UPDATE
3287676,2299,1433.0,UPDATE
3287679,2309,1439.0,UPDATE
3287835,5609,3506.0,UPDATE
3287841,5779,3612.0,UPDATE
3287847,5639,3521.0,UPDATE
3288409,4089,2551.0,UPDATE
3288924,4419,2758.0,UPDATE
3289278,3049,1901.0,UPDATE
3289283,3079,1923.0,UPDATE
3289285,3059,1909.0,UPDATE
3289299,3069,1914.0,UPDATE
3289666,2609,1628.0,UPDATE
3289673,2619,1635.0,UPDATE
3289687,2629,1640.0,UPDATE
3290008,3009,1880.0,UPDATE
3290009,3109,1942.0,UPDATE
3290014,3019,1882.0,UPDATE
3290015,3119,1944.0,UPDATE
3290021,3069,1917.0,UPDATE
3290026,3129,1951.0,UPDATE
3290027,3029,1888.0,UPDATE
3290135,5939,3709.0,UPDATE
3290141,6059,3783.0,UPDATE
3290147,5959,3724.0,UPDATE
3290830,3299,2060.0,UPDATE
3290836,3299,2060.0,UPDATE
3290842,3419,2134.0,UPDATE
3290848,3329,2080.0,UPDATE
3290974,5949,3715.0,UPDATE
3290980,5999,3745.0,UPDATE
3290986,6229,3893.0,UPDATE
3290992,6029,3763.0,UPDATE
3291354,5599,3497.0,UPDATE
3291361,5619,3507.0,UPDATE
3291375,5679,3548.0,UPDATE
3291742,5809,3628.0,UPDATE
3291749,5829,3638.0,UPDATE
3291763,5889,3679.0,UPDATE
3292130,5729,3580.0,UPDATE
3292137,5749,3591.0,UPDATE
3292151,5819,3632.0,UPDATE
3292258,2399,1496.0,UPDATE
3292264,2399,1496.0,UPDATE
3292267,2409,1502.0,UPDATE
3292270,2479,1549.0,UPDATE
3292273,2489,1551.0,UPDATE
3292276,2419,1510.0,UPDATE
3292279,2419,1511.0,UPDATE
3292401,5439,3400.0,UPDATE
3292407,5469,3416.0,UPDATE
3292413,5699,3559.0,UPDATE
3292419,5519,3446.0,UPDATE
3292435,6129,3831.0,UPDATE
3292441,6269,3913.0,UPDATE
3292447,6179,3860.0,UPDATE
3293009,4259,2662.0,UPDATE
3293017,4659,2909.0,UPDATE
3293876,3219,2007.0,UPDATE
3293878,3179,1985.0,UPDATE
3293883,3219,2007.0,UPDATE
3293885,3189,1990.0,UPDATE
3293890,3319,2070.0,UPDATE
3293892,3299,2060.0,UPDATE
3293897,3249,2026.0,UPDATE
3293899,3209,2001.0,UPDATE
3294266,2729,1702.0,UPDATE
3294273,2739,1707.0,UPDATE
3294280,2839,1769.0,UPDATE
3294287,2749,1716.0,UPDATE
3294735,6349,3967.0,UPDATE
3294741,6589,4113.0,UPDATE
3294747,6399,3996.0,UPDATE
329826,469,291.0,UPDATE
3300790,1339,834.0,UPDATE
3300831,1209,756.0,UPDATE
3300901,1699,1062.0,UPDATE
3300961,2209,1376.0,UPDATE
3301021,2359,1475.0,UPDATE
3301081,2979,1862.0,UPDATE
3301201,3459,2159.0,UPDATE
3302103,1639,1023.0,UPDATE
3312588,3769,2352.0,UPDATE
3312660,3819,2384.0,UPDATE
3314214,3829,2389.0,UPDATE
3314286,3829,2392.0,UPDATE
3314358,3939,2462.0,UPDATE
3314430,3859,2410.0,UPDATE
3316863,3009,1877.0,UPDATE
3316959,3019,1885.0,UPDATE
3317151,3139,1957.0,UPDATE
3317247,3079,1924.0,UPDATE
3318585,1709,1064.0,UPDATE
3325251,2519,1569.0,UPDATE
3325261,3149,1965.0,UPDATE
3325301,4279,2669.0,UPDATE
3325351,2669,1665.0,UPDATE
3325361,3239,2022.0,UPDATE
3325451,2679,1675.0,UPDATE
3325461,3309,2063.0,UPDATE
3325501,4409,2755.0,UPDATE
3325551,2639,1646.0,UPDATE
3325561,3239,2020.0,UPDATE
3325651,2729,1703.0,UPDATE
3325661,3329,2076.0,UPDATE
3325891,2689,1681.0,UPDATE
3325898,3329,2076.0,UPDATE
3325947,3189,1989.0,UPDATE
3325954,3729,2329.0,UPDATE
3326003,2399,1499.0,UPDATE
3326010,2999,1869.0,UPDATE
3327765,4009,2506.0,UPDATE
3327805,4149,2592.0,UPDATE
3327835,5899,3686.0,UPDATE
3327875,5959,3725.0,UPDATE
3327915,5909,3690.0,UPDATE
3327925,4209,2626.0,UPDATE
3327955,5999,3746.0,UPDATE
3327965,3969,2479.0,UPDATE
3327993,4109,2563.0,UPDATE
3328014,5819,3637.0,UPDATE
3328021,4089,2556.0,UPDATE
3328042,5889,3676.0,UPDATE
3328049,4069,2542.0,UPDATE
3328070,5829,3642.0,UPDATE
3328077,4089,2553.0,UPDATE
3328098,5919,3697.0,UPDATE
3328105,4129,2578.0,UPDATE
3328126,4489,2806.0,UPDATE
3328147,3829,2390.0,UPDATE
3330455,2179,1360.0,UPDATE
3331356,3509,2192.0,UPDATE
3332491,1469,916.0,UPDATE
3337725,979,609.0,UPDATE
3338030,829,518.0,UPDATE
3338931,4669,2913.0,UPDATE
3339099,3429,2141.0,UPDATE
3340221,4829,3018.0,UPDATE
3341301,4809,3001.0,UPDATE
3342093,3409,2127.0,UPDATE
3342100,3379,2109.0,UPDATE
3342170,3349,2091.0,UPDATE
3342177,3319,2073.0,UPDATE
3342247,3419,2137.0,UPDATE
3342254,3389,2118.0,UPDATE
3342451,4959,3095.0,UPDATE
3342555,3169,1976.0,UPDATE
3342556,3119,1947.0,UPDATE
3342562,3159,1974.0,UPDATE
3342621,3109,1943.0,UPDATE
3342622,3069,1915.0,UPDATE
3342628,3109,1942.0,UPDATE
3342687,3129,1955.0,UPDATE
3342688,3139,1962.0,UPDATE
3342694,3189,1989.0,UPDATE
334357,769,478.0,UPDATE
338046,819,512.0,UPDATE
3398302,3869,2414.0,UPDATE
3398362,1519,949.0,UPDATE
3398426,3499,2184.0,UPDATE
3398502,2889,1805.0,UPDATE
3398509,3159,1973.0,UPDATE
3398578,3209,2006.0,UPDATE
3398586,3309,2065.0,UPDATE
3398673,1809,1127.0,UPDATE
3398676,2059,1286.0,UPDATE
3398684,2269,1413.0,UPDATE
3398715,3549,2215.0,UPDATE
3398717,3769,2351.0,UPDATE
3398718,3559,2222.0,UPDATE
3398880,3419,2135.0,UPDATE
3398957,3579,2232.0,UPDATE
3399047,2119,1323.0,UPDATE
3399055,2499,1557.0,UPDATE
3399274,2319,1448.0,UPDATE
3399285,2939,1837.0,UPDATE
3399372,3659,2283.0,UPDATE
340357,729,452.0,UPDATE
340749,799,500.0,UPDATE
343109,369,228.0,UPDATE
343272,1069,665.0,UPDATE
343565,689,430.0,UPDATE
346730,889,555.0,UPDATE
346827,1089,678.0,UPDATE
347750,1259,786.0,UPDATE
347753,1419,887.0,UPDATE
347769,1599,996.0,UPDATE
347836,2339,1458.0,UPDATE
348180,299,184.0,UPDATE
348190,359,224.0,UPDATE
349937,1109,691.0,UPDATE
351876,2589,1615.0,UPDATE
352157,619,384.0,UPDATE
356433,2079,1297.0,UPDATE
359093,1459,909.0,UPDATE
359132,1749,1090.0,UPDATE
359237,1809,1129.0,UPDATE
359338,2209,1381.0,UPDATE
359513,1359,844.0,UPDATE
360034,1469,913.0,UPDATE
360469,419,262.0,UPDATE
360700,519,324.0,UPDATE
360734,809,501.0,UPDATE
360900,409,253.0,UPDATE
363473,1249,781.0,UPDATE
364496,359,220.0,UPDATE
364497,359,219.0,UPDATE
364498,439,274.0,UPDATE
364499,479,299.0,UPDATE
364501,369,228.0,UPDATE
364502,379,234.0,UPDATE
364503,469,289.0,UPDATE
365331,1769,1103.0,UPDATE
365958,2019,1260.0,UPDATE
365967,599,374.0,UPDATE
367857,1159,720.0,UPDATE
372126,1499,935.0,UPDATE
372682,1529,954.0,UPDATE
374375,399,245.0,UPDATE
375126,899,559.0,UPDATE
375333,369,230.0,UPDATE
376090,1169,731.0,UPDATE
377676,1119,695.0,UPDATE
4002046,499,309.0,UPDATE
4004460,1049,651.0,UPDATE
4004489,919,573.0,UPDATE
4009813,939,582.0,UPDATE
4012317,589,366.0,UPDATE
4016456,1209,751.0,UPDATE
4016801,1139,707.0,UPDATE
4017379,429,265.0,UPDATE
4102425,959,594.0,UPDATE
4103722,659,410.0,UPDATE
41556,1469,916.0,UPDATE
41998,4319,2697.0,UPDATE
42002636,1539,957.0,UPDATE
42002663,1339,832.0,UPDATE
42002664,1299,808.0,UPDATE
42002665,1329,827.0,UPDATE
42002666,1379,862.0,UPDATE
42002673,989,617.0,UPDATE
42002677,1339,832.0,UPDATE
42002678,1509,940.0,UPDATE
42002679,1379,862.0,UPDATE
42002680,1409,880.0,UPDATE
42006937,839,521.0,UPDATE
42006938,819,508.0,UPDATE
42006942,809,506.0,UPDATE
42006943,839,523.0,UPDATE
42006947,909,565.0,UPDATE
42006948,769,476.0,UPDATE
42006951,829,517.0,UPDATE
42006952,859,537.0,UPDATE
42006953,849,530.0,UPDATE
42006962,989,613.0,UPDATE
42006963,979,612.0,UPDATE
42006972,1099,685.0,UPDATE
42006973,1099,687.0,UPDATE
42006977,1129,706.0,UPDATE
42006978,1169,729.0,UPDATE
42006982,1189,738.0,UPDATE
42006983,1089,681.0,UPDATE
42006999,389,239.0,UPDATE
42007000,359,220.0,UPDATE
42007001,389,239.0,UPDATE
42007045,359,224.0,UPDATE
42007046,359,223.0,UPDATE
42007075,399,245.0,UPDATE
42007076,399,245.0,UPDATE
42007077,399,245.0,UPDATE
42007079,429,266.0,UPDATE
42007081,439,273.0,UPDATE
42007082,439,273.0,UPDATE
42007083,439,273.0,UPDATE
42007087,589,365.0,UPDATE
42007088,589,365.0,UPDATE
42007089,589,365.0,UPDATE
42007093,599,371.0,UPDATE
42007094,599,371.0,UPDATE
42007095,599,371.0,UPDATE
42007105,599,373.0,UPDATE
42007106,599,373.0,UPDATE
42007124,359,221.0,UPDATE
42007125,349,217.0,UPDATE
42007126,349,217.0,UPDATE
42007131,349,217.0,UPDATE
42007132,349,217.0,UPDATE
42007133,349,217.0,UPDATE
42007137,389,243.0,UPDATE
42007138,389,243.0,UPDATE
42007139,389,243.0,UPDATE
42007144,389,243.0,UPDATE
42007145,389,243.0,UPDATE
42007171,509,316.0,UPDATE
42007189,589,364.0,UPDATE
42007190,589,363.0,UPDATE
42007215,399,247.0,UPDATE
42007216,399,247.0,UPDATE
42007217,399,247.0,UPDATE
42007222,369,228.0,UPDATE
42007223,369,228.0,UPDATE
42007224,399,247.0,UPDATE
42007241,539,333.0,UPDATE
42007242,539,333.0,UPDATE
42007248,539,333.0,UPDATE
42007293,499,310.0,UPDATE
42007294,509,313.0,UPDATE
42007306,749,468.0,UPDATE
42007314,819,508.0,UPDATE
42008257,1249,780.0,UPDATE
42008261,1259,785.0,UPDATE
42008266,1339,837.0,UPDATE
42008267,1229,763.0,UPDATE
42008270,1389,867.0,UPDATE
42008271,1239,769.0,UPDATE
42008272,1349,841.0,UPDATE
42008281,1549,967.0,UPDATE
42008282,1549,963.0,UPDATE
42008292,1799,1121.0,UPDATE
42008296,1949,1214.0,UPDATE
42008297,1949,1215.0,UPDATE
42008302,2109,1314.0,UPDATE
42015232,649,406.0,UPDATE
42015233,659,407.0,UPDATE
42015234,689,427.0,UPDATE
42015235,739,462.0,UPDATE
42015236,999,621.0,UPDATE
42015237,999,625.0,UPDATE
42015240,799,500.0,UPDATE
42015242,1139,707.0,UPDATE
42015243,1209,756.0,UPDATE
42015246,1009,626.0,UPDATE
42015252,889,552.0,UPDATE
42015257,979,607.0,UPDATE
42015258,979,608.0,UPDATE
42015264,1099,685.0,UPDATE
42015270,2599,1625.0,UPDATE
42016101,1079,669.0,UPDATE
42016102,1079,669.0,UPDATE
42016109,1079,671.0,UPDATE
42016110,1079,671.0,UPDATE
42016111,1079,671.0,UPDATE
42016117,1089,678.0,UPDATE
42016118,1089,678.0,UPDATE
42016119,1089,678.0,UPDATE
42016123,1089,678.0,UPDATE
42016125,1119,697.0,UPDATE
42016126,1119,697.0,UPDATE
42016127,1119,697.0,UPDATE
42016134,1059,661.0,UPDATE
42016135,1059,661.0,UPDATE
42016139,1059,661.0,UPDATE
42016144,1069,663.0,UPDATE
42016145,1069,663.0,UPDATE
42016149,1069,663.0,UPDATE
42016153,1079,671.0,UPDATE
42016154,1079,671.0,UPDATE
42016155,1079,671.0,UPDATE
42016156,1079,671.0,UPDATE
42016159,1079,671.0,UPDATE
42016163,1109,689.0,UPDATE
42016164,1109,689.0,UPDATE
42016165,1109,689.0,UPDATE
42016169,1109,689.0,UPDATE
42016173,1199,748.0,UPDATE
42016174,1199,748.0,UPDATE
42016175,1199,748.0,UPDATE
42016181,1199,748.0,UPDATE
42016182,1199,748.0,UPDATE
42016183,1199,748.0,UPDATE
42016189,1219,757.0,UPDATE
42016190,1219,757.0,UPDATE
42016191,1219,757.0,UPDATE
42016197,1249,780.0,UPDATE
42016198,1249,780.0,UPDATE
42016199,1249,780.0,UPDATE
42284,589,365.0,UPDATE
42311,469,289.0,UPDATE
42962,709,438.0,UPDATE
43156,7559,4724.0,UPDATE
44325,749,465.0,UPDATE
44558,1179,733.0,UPDATE
44611,2029,1265.0,UPDATE
44686,4039,2521.0,UPDATE
44717,1039,650.0,UPDATE
44987,469,293.0,UPDATE
45365,1439,898.0,UPDATE
45455,1229,765.0,UPDATE
45511,2109,1316.0,UPDATE
45513,1199,744.0,UPDATE
45515,819,511.0,UPDATE
45517,1199,746.0,UPDATE
45521,2109,1316.0,UPDATE
45522,1459,908.0,UPDATE
45523,1219,760.0,UPDATE
45524,979,611.0,UPDATE
45525,869,538.0,UPDATE
45775,369,230.0,UPDATE
45916,3509,2188.0,UPDATE
45981,3799,2372.0,UPDATE
46824,5119,3197.0,UPDATE
47026,1959,1222.0,UPDATE
47140,359,224.0,UPDATE
47202,1289,806.0,UPDATE
47463,409,255.0,UPDATE
47759,1029,640.0,UPDATE
47857,689,431.0,UPDATE
47912,1379,861.0,UPDATE
48016,559,350.0,UPDATE
48092,4599,2870.0,UPDATE
48093,3749,2343.0,UPDATE
48198,1399,872.0,UPDATE
48200,1599,994.0,UPDATE
48773,319,200.0,UPDATE
50244,399,247.0,UPDATE
50507,1399,869.0,UPDATE
50662,2909,1815.0,UPDATE
51446,609,376.0,UPDATE
51455,399,244.0,UPDATE
800190,549,338.0,UPDATE
800297,1039,648.0,UPDATE
800526,689,429.0,UPDATE
801154,469,292.0,UPDATE
801779,1439,897.0,UPDATE
804287,539,336.0,UPDATE
804355,839,523.0,UPDATE
804581,409,253.0,UPDATE
811931,599,372.0,UPDATE
812406,549,338.0,UPDATE
814204,369,227.0,UPDATE
814205,429,267.0,UPDATE
814206,429,267.0,UPDATE
814207,429,267.0,UPDATE
814208,429,267.0,UPDATE
814209,389,242.0,UPDATE
814210,449,279.0,UPDATE
814211,449,279.0,UPDATE
814212,449,279.0,UPDATE
814213,449,279.0,UPDATE
814214,399,247.0,UPDATE
814215,469,292.0,UPDATE
814216,469,291.0,UPDATE
814217,469,291.0,UPDATE
814218,469,292.0,UPDATE
815570,469,292.0,UPDATE
815709,589,363.0,UPDATE
818337,709,442.0,UPDATE
820163,1349,843.0,UPDATE
821555,699,432.0,UPDATE
823019,889,554.0,UPDATE
823034,1039,644.0,UPDATE
823389,1269,788.0,UPDATE
823474,689,429.0,UPDATE
824018,809,504.0,UPDATE
825105,1359,850.0,UPDATE
825294,1119,694.0,UPDATE
825583,769,479.0,UPDATE
825897,349,213.0,UPDATE
826016,739,457.0,UPDATE
826300,549,343.0,UPDATE
826798,349,215.0,UPDATE
828188,709,442.0,UPDATE
830180,639,395.0,UPDATE
830572,629,391.0,UPDATE
830575,569,356.0,UPDATE
831120,539,336.0,UPDATE
832376,1399,872.0,UPDATE
834678,1569,980.0,UPDATE
834679,2579,1609.0,UPDATE
836887,729,453.0,UPDATE
837508,1399,873.0,UPDATE
839632,639,400.0,UPDATE
841785,699,435.0,UPDATE
842888,459,287.0,UPDATE
842889,789,491.0,UPDATE
844445,749,467.0,UPDATE
844447,799,495.0,UPDATE
849055,829,514.0,UPDATE
849584,759,470.0,UPDATE
856347,539,334.0,UPDATE
856348,539,333.0,UPDATE
856846,609,378.0,UPDATE
859620,679,420.0,UPDATE
859621,659,408.0,UPDATE
859625,659,409.0,UPDATE
859626,639,396.0,UPDATE
859630,739,462.0,UPDATE
859631,719,447.0,UPDATE
859640,919,570.0,UPDATE
859641,879,550.0,UPDATE
859645,939,584.0,UPDATE
859646,909,563.0,UPDATE
859650,959,597.0,UPDATE
859651,929,576.0,UPDATE
859655,1009,626.0,UPDATE
859656,939,583.0,UPDATE
859670,729,451.0,UPDATE
859671,699,437.0,UPDATE
859675,759,469.0,UPDATE
859676,729,454.0,UPDATE
859680,769,478.0,UPDATE
859681,749,463.0,UPDATE
859690,889,553.0,UPDATE
859691,859,535.0,UPDATE
859695,1039,647.0,UPDATE
859696,999,624.0,UPDATE
859700,1059,658.0,UPDATE
859701,1019,634.0,UPDATE
859705,1069,668.0,UPDATE
859706,1039,644.0,UPDATE
859725,719,450.0,UPDATE
859726,699,436.0,UPDATE
859730,739,462.0,UPDATE
859731,719,448.0,UPDATE
859735,749,468.0,UPDATE
859736,729,453.0,UPDATE
859745,879,544.0,UPDATE
859746,849,526.0,UPDATE
859750,1039,650.0,UPDATE
859751,969,606.0,UPDATE
859755,1109,688.0,UPDATE
859756,1069,665.0,UPDATE
859760,1099,686.0,UPDATE
859761,1059,662.0,UPDATE
859780,679,420.0,UPDATE
859781,659,407.0,UPDATE
859785,699,433.0,UPDATE
859786,679,419.0,UPDATE
859790,689,428.0,UPDATE
859791,669,415.0,UPDATE
859800,779,483.0,UPDATE
859801,749,467.0,UPDATE
859805,959,598.0,UPDATE
859806,929,577.0,UPDATE
859810,959,599.0,UPDATE
859811,929,578.0,UPDATE
859812,929,578.0,UPDATE
859815,979,608.0,UPDATE
859816,939,587.0,UPDATE
861051,779,487.0,UPDATE
861078,989,614.0,UPDATE
862034,549,339.0,UPDATE
862553,809,501.0,UPDATE
862847,789,491.0,UPDATE
862850,739,461.0,UPDATE
862853,1029,642.0,UPDATE
862856,1019,636.0,UPDATE
862859,999,619.0,UPDATE
862865,679,425.0,UPDATE
863807,859,535.0,UPDATE
867844,1439,894.0,UPDATE
869111,669,416.0,UPDATE
869112,649,401.0,UPDATE
869113,669,414.0,UPDATE
869732,539,336.0,UPDATE
869733,579,357.0,UPDATE
869734,539,336.0,UPDATE
869735,589,368.0,UPDATE
869737,609,379.0,UPDATE
869738,799,496.0,UPDATE
869748,569,353.0,UPDATE
869749,599,375.0,UPDATE
869750,589,363.0,UPDATE
869751,619,386.0,UPDATE
869752,789,493.0,UPDATE
869753,839,525.0,UPDATE
869754,849,526.0,UPDATE
869755,879,545.0,UPDATE
869756,829,515.0,UPDATE
869757,909,567.0,UPDATE
869758,939,585.0,UPDATE
869759,949,589.0,UPDATE
869760,609,381.0,UPDATE
869761,669,418.0,UPDATE
869762,649,404.0,UPDATE
869763,689,431.0,UPDATE
869764,669,416.0,UPDATE
869765,719,445.0,UPDATE
869766,869,538.0,UPDATE
869770,969,601.0,UPDATE
869771,1009,626.0,UPDATE
869776,689,429.0,UPDATE
869777,709,438.0,UPDATE
869778,679,422.0,UPDATE
869779,729,451.0,UPDATE
869780,829,516.0,UPDATE
869781,939,584.0,UPDATE
869782,919,571.0,UPDATE
869783,979,612.0,UPDATE
869784,969,605.0,UPDATE
869785,1039,648.0,UPDATE
869786,979,610.0,UPDATE
869787,1049,655.0,UPDATE
871654,739,462.0,UPDATE
871655,769,479.0,UPDATE
871656,789,493.0,UPDATE
871657,769,481.0,UPDATE
871658,719,447.0,UPDATE
871659,739,460.0,UPDATE
871660,749,466.0,UPDATE
871661,749,466.0,UPDATE
871662,769,480.0,UPDATE
872050,1449,905.0,UPDATE
872051,1729,1079.0,UPDATE
872053,1389,866.0,UPDATE
872054,1649,1031.0,UPDATE
872056,1319,819.0,UPDATE
872057,1559,975.0,UPDATE
872059,1289,802.0,UPDATE
872060,1529,953.0,UPDATE
872062,1259,784.0,UPDATE
872063,1489,930.0,UPDATE
872068,1239,773.0,UPDATE
872069,1469,918.0,UPDATE
872071,1229,764.0,UPDATE
872074,1189,738.0,UPDATE
872080,919,573.0,UPDATE
872081,1079,675.0,UPDATE
872083,889,553.0,UPDATE
872086,909,568.0,UPDATE
872087,1079,669.0,UPDATE
872089,859,536.0,UPDATE
872092,1469,914.0,UPDATE
872093,1749,1090.0,UPDATE
872095,1409,876.0,UPDATE
872096,1669,1042.0,UPDATE
872098,1349,840.0,UPDATE
872099,1599,997.0,UPDATE
872101,1319,822.0,UPDATE
872102,1559,975.0,UPDATE
872104,1289,804.0,UPDATE
872105,1529,952.0,UPDATE
872110,1269,792.0,UPDATE
872111,1509,939.0,UPDATE
872113,1259,783.0,UPDATE
872116,1219,757.0,UPDATE
872122,889,554.0,UPDATE
872123,1089,677.0,UPDATE
872125,889,556.0,UPDATE
872128,919,570.0,UPDATE
872129,1079,671.0,UPDATE
872131,869,538.0,UPDATE
872134,889,555.0,UPDATE
872135,1049,655.0,UPDATE
872137,919,573.0,UPDATE
872138,1089,678.0,UPDATE
872143,909,565.0,UPDATE
872144,1069,668.0,UPDATE
872149,1489,927.0,UPDATE
872150,1769,1106.0,UPDATE
872152,1429,892.0,UPDATE
872153,1709,1063.0,UPDATE
872155,1379,857.0,UPDATE
872156,1639,1020.0,UPDATE
872158,1349,840.0,UPDATE
872161,1309,817.0,UPDATE
872162,1559,971.0,UPDATE
872164,1259,782.0,UPDATE
872165,1489,927.0,UPDATE
872167,1239,771.0,UPDATE
872168,1469,913.0,UPDATE
872170,1289,806.0,UPDATE
872171,1539,958.0,UPDATE
872173,1279,797.0,UPDATE
872176,1439,900.0,UPDATE
872177,1719,1073.0,UPDATE
872179,1389,864.0,UPDATE
872180,1649,1028.0,UPDATE
872182,1329,828.0,UPDATE
872183,1579,983.0,UPDATE
872185,1309,818.0,UPDATE
872186,1559,971.0,UPDATE
872188,1279,797.0,UPDATE
872189,1519,945.0,UPDATE
872194,1259,787.0,UPDATE
872195,1499,934.0,UPDATE
872197,1249,777.0,UPDATE
872200,1199,748.0,UPDATE
872203,909,565.0,UPDATE
872206,939,584.0,UPDATE
872207,1099,687.0,UPDATE
872209,969,606.0,UPDATE
872212,919,574.0,UPDATE
872213,1089,676.0,UPDATE
872215,859,537.0,UPDATE
872218,1389,864.0,UPDATE
872219,1599,997.0,UPDATE
872221,1339,834.0,UPDATE
872222,1539,960.0,UPDATE
872224,1289,803.0,UPDATE
872225,1479,923.0,UPDATE
872227,1249,777.0,UPDATE
872228,1439,894.0,UPDATE
872230,1219,761.0,UPDATE
872231,1399,874.0,UPDATE
872236,1209,751.0,UPDATE
872237,1379,862.0,UPDATE
872239,1189,742.0,UPDATE
872242,1159,719.0,UPDATE
872245,859,534.0,UPDATE
872248,889,553.0,UPDATE
872249,1019,632.0,UPDATE
872251,909,568.0,UPDATE
872254,879,545.0,UPDATE
872255,999,623.0,UPDATE
872257,839,520.0,UPDATE
872260,859,532.0,UPDATE
872263,889,555.0,UPDATE
872264,1019,635.0,UPDATE
872269,879,547.0,UPDATE
872270,1009,626.0,UPDATE
872275,1419,887.0,UPDATE
872276,1639,1023.0,UPDATE
872278,1369,853.0,UPDATE
872279,1579,982.0,UPDATE
872281,1309,816.0,UPDATE
872282,1509,938.0,UPDATE
872284,1279,799.0,UPDATE
872287,1239,773.0,UPDATE
872288,1429,888.0,UPDATE
872290,1189,738.0,UPDATE
872291,1359,846.0,UPDATE
872293,1169,728.0,UPDATE
872294,1339,834.0,UPDATE
872296,1229,764.0,UPDATE
872297,1409,877.0,UPDATE
872299,1209,754.0,UPDATE
872302,899,561.0,UPDATE
872303,1029,640.0,UPDATE
872305,929,580.0,UPDATE
872306,1069,663.0,UPDATE
872308,959,598.0,UPDATE
872309,1099,685.0,UPDATE
872311,1289,805.0,UPDATE
872312,1479,925.0,UPDATE
872314,1349,842.0,UPDATE
872315,1559,969.0,UPDATE
872317,1409,879.0,UPDATE
872318,1629,1013.0,UPDATE
872323,919,573.0,UPDATE
872324,1049,655.0,UPDATE
872326,949,592.0,UPDATE
872327,1089,677.0,UPDATE
872329,979,610.0,UPDATE
872330,1119,699.0,UPDATE
872332,1319,821.0,UPDATE
872333,1509,943.0,UPDATE
872335,1379,858.0,UPDATE
872336,1579,987.0,UPDATE
872338,1439,895.0,UPDATE
872339,1649,1031.0,UPDATE
872341,1519,945.0,UPDATE
872342,1749,1090.0,UPDATE
872344,859,532.0,UPDATE
872345,979,607.0,UPDATE
872347,879,546.0,UPDATE
872348,999,624.0,UPDATE
872350,909,565.0,UPDATE
872351,1039,646.0,UPDATE
872353,869,538.0,UPDATE
872354,989,615.0,UPDATE
872356,829,516.0,UPDATE
872357,949,589.0,UPDATE
872362,1339,835.0,UPDATE
872363,1539,960.0,UPDATE
872365,1289,805.0,UPDATE
872368,1269,790.0,UPDATE
872371,1219,759.0,UPDATE
872372,1399,872.0,UPDATE
872374,1169,728.0,UPDATE
872375,1339,835.0,UPDATE
872377,1149,718.0,UPDATE
872380,1209,753.0,UPDATE
872381,1389,865.0,UPDATE
872383,1189,743.0,UPDATE
872386,1449,902.0,UPDATE
872387,1719,1075.0,UPDATE
872389,1389,865.0,UPDATE
872390,1589,992.0,UPDATE
872392,1289,803.0,UPDATE
872393,1529,954.0,UPDATE
872395,1259,783.0,UPDATE
872396,1489,929.0,UPDATE
872398,1279,796.0,UPDATE
872399,1459,911.0,UPDATE
872404,1209,756.0,UPDATE
872405,1439,897.0,UPDATE
872407,1199,748.0,UPDATE
872410,1169,726.0,UPDATE
872416,1009,627.0,UPDATE
872417,1189,743.0,UPDATE
872419,939,582.0,UPDATE
872422,949,593.0,UPDATE
872423,1119,700.0,UPDATE
872425,909,565.0,UPDATE
872428,1449,906.0,UPDATE
872429,1729,1079.0,UPDATE
872431,1399,873.0,UPDATE
872432,1669,1038.0,UPDATE
872434,1329,831.0,UPDATE
872435,1579,987.0,UPDATE
872437,1309,815.0,UPDATE
872438,1549,967.0,UPDATE
872440,1269,790.0,UPDATE
872441,1509,938.0,UPDATE
872446,1209,751.0,UPDATE
872447,1479,924.0,UPDATE
872449,1239,770.0,UPDATE
872452,1199,747.0,UPDATE
872458,889,555.0,UPDATE
872459,1089,676.0,UPDATE
872461,879,549.0,UPDATE
872464,909,566.0,UPDATE
872465,1069,666.0,UPDATE
872467,859,533.0,UPDATE
872476,1539,957.0,UPDATE
872477,1769,1105.0,UPDATE
872479,1499,936.0,UPDATE
872480,1729,1080.0,UPDATE
872482,1469,915.0,UPDATE
872483,1689,1055.0,UPDATE
872488,1449,904.0,UPDATE
872489,1669,1043.0,UPDATE
872491,1439,894.0,UPDATE
872494,1379,860.0,UPDATE
872500,1039,646.0,UPDATE
872501,1189,739.0,UPDATE
872503,979,612.0,UPDATE
872506,1019,636.0,UPDATE
872507,1169,729.0,UPDATE
872509,949,593.0,UPDATE
872542,1339,836.0,UPDATE
872543,1599,994.0,UPDATE
872545,1309,816.0,UPDATE
872548,1319,822.0,UPDATE
872549,1569,977.0,UPDATE
872551,1269,791.0,UPDATE
872557,1429,893.0,UPDATE
872558,1709,1064.0,UPDATE
872560,1379,861.0,UPDATE
872561,1639,1024.0,UPDATE
872563,1339,833.0,UPDATE
872564,1589,991.0,UPDATE
872566,1309,814.0,UPDATE
872567,1549,968.0,UPDATE
872572,1289,806.0,UPDATE
872573,1539,958.0,UPDATE
872575,1279,799.0,UPDATE
872578,1239,770.0,UPDATE
872584,929,580.0,UPDATE
872585,1099,684.0,UPDATE
872587,909,564.0,UPDATE
872590,919,570.0,UPDATE
872591,1079,674.0,UPDATE
872593,879,546.0,UPDATE
872596,1449,906.0,UPDATE
872597,1729,1080.0,UPDATE
872599,1399,869.0,UPDATE
872600,1659,1036.0,UPDATE
872602,1339,837.0,UPDATE
872603,1599,995.0,UPDATE
872605,1309,815.0,UPDATE
872606,1559,969.0,UPDATE
872608,1279,798.0,UPDATE
872609,1519,948.0,UPDATE
872614,1269,788.0,UPDATE
872615,1499,936.0,UPDATE
872617,1249,779.0,UPDATE
872620,1209,755.0,UPDATE
872626,909,568.0,UPDATE
872627,1079,670.0,UPDATE
872629,889,551.0,UPDATE
872632,899,558.0,UPDATE
872633,1059,659.0,UPDATE
872635,859,533.0,UPDATE
872638,1499,932.0,UPDATE
872639,1779,1112.0,UPDATE
872641,1439,896.0,UPDATE
872642,1709,1066.0,UPDATE
872644,1359,844.0,UPDATE
872645,1609,1005.0,UPDATE
872647,1319,824.0,UPDATE
872648,1569,981.0,UPDATE
872650,1299,807.0,UPDATE
872651,1539,959.0,UPDATE
872656,1279,797.0,UPDATE
872657,1519,947.0,UPDATE
872659,1269,788.0,UPDATE
872662,1229,763.0,UPDATE
872668,919,573.0,UPDATE
872669,1089,677.0,UPDATE
872671,959,599.0,UPDATE
872674,909,564.0,UPDATE
872675,1069,666.0,UPDATE
872677,869,538.0,UPDATE
872710,1369,853.0,UPDATE
872711,1579,982.0,UPDATE
872713,1349,840.0,UPDATE
872716,1349,843.0,UPDATE
872717,1559,972.0,UPDATE
872719,1319,820.0,UPDATE
872767,1699,1057.0,UPDATE
872768,1959,1225.0,UPDATE
872770,1619,1012.0,UPDATE
872771,1879,1171.0,UPDATE
872773,1669,1040.0,UPDATE
872774,1929,1204.0,UPDATE
872776,1629,1018.0,UPDATE
872777,1889,1178.0,UPDATE
872782,1609,1005.0,UPDATE
872783,1869,1163.0,UPDATE
872785,1599,994.0,UPDATE
872788,1539,961.0,UPDATE
872794,1059,659.0,UPDATE
872795,1219,758.0,UPDATE
872797,1029,638.0,UPDATE
872800,1049,655.0,UPDATE
872801,1209,752.0,UPDATE
872803,1029,642.0,UPDATE
872809,1779,1111.0,UPDATE
872810,2069,1290.0,UPDATE
872812,1719,1069.0,UPDATE
872813,1989,1240.0,UPDATE
872815,1669,1040.0,UPDATE
872816,1929,1206.0,UPDATE
872818,1599,997.0,UPDATE
872819,1849,1155.0,UPDATE
872824,1559,972.0,UPDATE
872825,1799,1125.0,UPDATE
872827,1559,975.0,UPDATE
872830,1519,944.0,UPDATE
872836,1119,697.0,UPDATE
872837,1289,803.0,UPDATE
872839,1059,662.0,UPDATE
872842,1109,692.0,UPDATE
872843,1279,797.0,UPDATE
872845,1039,647.0,UPDATE
872848,1329,830.0,UPDATE
872849,1579,987.0,UPDATE
872851,1289,803.0,UPDATE
872852,1529,954.0,UPDATE
872854,1249,777.0,UPDATE
872855,1479,921.0,UPDATE
872857,1229,763.0,UPDATE
872858,1449,904.0,UPDATE
872860,1189,738.0,UPDATE
872861,1399,875.0,UPDATE
872866,1179,732.0,UPDATE
872867,1389,868.0,UPDATE
872869,1159,724.0,UPDATE
872872,1129,701.0,UPDATE
872878,919,573.0,UPDATE
872879,1089,677.0,UPDATE
872881,899,560.0,UPDATE
872884,909,564.0,UPDATE
872885,1069,667.0,UPDATE
872887,879,544.0,UPDATE
872890,919,569.0,UPDATE
872891,1039,650.0,UPDATE
872893,939,584.0,UPDATE
872894,1069,667.0,UPDATE
872896,959,599.0,UPDATE
872897,1099,685.0,UPDATE
872899,1219,758.0,UPDATE
872900,1399,870.0,UPDATE
872902,1289,805.0,UPDATE
872903,1479,923.0,UPDATE
872905,1339,834.0,UPDATE
872906,1539,959.0,UPDATE
872911,929,581.0,UPDATE
872912,1069,664.0,UPDATE
872914,959,597.0,UPDATE
872915,1099,683.0,UPDATE
872917,979,611.0,UPDATE
872918,1119,700.0,UPDATE
872920,1239,774.0,UPDATE
872921,1429,888.0,UPDATE
872923,1319,820.0,UPDATE
872924,1509,941.0,UPDATE
872926,1359,844.0,UPDATE
872927,1559,970.0,UPDATE
872929,1409,880.0,UPDATE
872930,1629,1013.0,UPDATE
872932,1459,907.0,UPDATE
872933,1729,1081.0,UPDATE
872935,1409,880.0,UPDATE
872936,1679,1048.0,UPDATE
872938,1369,854.0,UPDATE
872939,1629,1015.0,UPDATE
872941,1349,840.0,UPDATE
872942,1599,999.0,UPDATE
872944,1309,818.0,UPDATE
872945,1559,972.0,UPDATE
872950,1299,811.0,UPDATE
872951,1549,964.0,UPDATE
872953,1289,802.0,UPDATE
872956,1249,780.0,UPDATE
872962,1029,641.0,UPDATE
872963,1219,759.0,UPDATE
872965,999,625.0,UPDATE
872968,1019,632.0,UPDATE
872969,1199,749.0,UPDATE
872971,979,610.0,UPDATE
872974,1549,965.0,UPDATE
872975,1789,1116.0,UPDATE
872977,1509,938.0,UPDATE
872978,1739,1085.0,UPDATE
872980,1469,914.0,UPDATE
872981,1689,1055.0,UPDATE
872983,1439,900.0,UPDATE
872984,1669,1039.0,UPDATE
872986,1419,887.0,UPDATE
872987,1639,1023.0,UPDATE
872992,1399,875.0,UPDATE
872993,1619,1010.0,UPDATE
872995,1399,869.0,UPDATE
872998,1359,844.0,UPDATE
873004,1109,693.0,UPDATE
873005,1279,798.0,UPDATE
873007,1089,680.0,UPDATE
873010,1099,686.0,UPDATE
873011,1269,790.0,UPDATE
873013,1069,667.0,UPDATE
873016,1559,973.0,UPDATE
873017,1799,1125.0,UPDATE
873019,1489,926.0,UPDATE
873020,1719,1071.0,UPDATE
873022,1429,888.0,UPDATE
873023,1639,1024.0,UPDATE
873025,1399,871.0,UPDATE
873026,1609,1004.0,UPDATE
873028,1359,845.0,UPDATE
873029,1559,973.0,UPDATE
873034,1339,832.0,UPDATE
873035,1539,958.0,UPDATE
873037,1309,818.0,UPDATE
873040,1259,787.0,UPDATE
873046,1049,652.0,UPDATE
873047,1199,748.0,UPDATE
873049,1019,633.0,UPDATE
873052,1019,636.0,UPDATE
873053,1169,730.0,UPDATE
873055,979,609.0,UPDATE
873058,1119,698.0,UPDATE
873059,1279,800.0,UPDATE
873061,1089,681.0,UPDATE
873062,1249,778.0,UPDATE
873064,1049,652.0,UPDATE
873065,1199,744.0,UPDATE
873067,1009,626.0,UPDATE
873068,1149,716.0,UPDATE
873070,979,611.0,UPDATE
873071,1119,698.0,UPDATE
873076,959,598.0,UPDATE
873077,1099,683.0,UPDATE
873079,949,592.0,UPDATE
873082,919,574.0,UPDATE
873088,709,439.0,UPDATE
873089,799,497.0,UPDATE
873091,689,427.0,UPDATE
873094,689,430.0,UPDATE
873095,779,487.0,UPDATE
873097,659,411.0,UPDATE
873100,699,434.0,UPDATE
873101,789,492.0,UPDATE
873103,719,447.0,UPDATE
873104,819,507.0,UPDATE
873106,739,458.0,UPDATE
873107,839,521.0,UPDATE
873109,1009,626.0,UPDATE
873110,1149,716.0,UPDATE
873112,1069,663.0,UPDATE
873113,1219,757.0,UPDATE
873115,1109,688.0,UPDATE
873116,1259,787.0,UPDATE
873121,709,440.0,UPDATE
873122,799,499.0,UPDATE
873124,729,453.0,UPDATE
873125,829,515.0,UPDATE
873127,749,464.0,UPDATE
873128,849,528.0,UPDATE
873130,1019,633.0,UPDATE
873131,1159,724.0,UPDATE
873133,1079,670.0,UPDATE
873134,1229,766.0,UPDATE
873136,1119,695.0,UPDATE
873137,1279,795.0,UPDATE
873139,1149,718.0,UPDATE
873140,1319,824.0,UPDATE
873142,859,534.0,UPDATE
873145,819,510.0,UPDATE
873146,929,581.0,UPDATE
873148,789,491.0,UPDATE
873151,809,505.0,UPDATE
873152,919,575.0,UPDATE
873157,819,508.0,UPDATE
873158,929,579.0,UPDATE
873160,859,532.0,UPDATE
873161,979,607.0,UPDATE
873163,889,554.0,UPDATE
873164,1019,632.0,UPDATE
873166,829,517.0,UPDATE
873167,949,589.0,UPDATE
873169,869,541.0,UPDATE
873170,989,616.0,UPDATE
873172,899,558.0,UPDATE
873173,1019,637.0,UPDATE
873175,1309,813.0,UPDATE
873176,1549,966.0,UPDATE
873178,1259,787.0,UPDATE
873179,1499,933.0,UPDATE
873181,1219,760.0,UPDATE
873182,1439,900.0,UPDATE
873184,1209,751.0,UPDATE
873185,1429,888.0,UPDATE
873187,1189,738.0,UPDATE
873188,1399,872.0,UPDATE
873193,1169,727.0,UPDATE
873194,1379,858.0,UPDATE
873196,1159,720.0,UPDATE
873199,1129,701.0,UPDATE
873205,889,553.0,UPDATE
873206,1039,650.0,UPDATE
873208,869,540.0,UPDATE
873211,869,543.0,UPDATE
873212,1029,639.0,UPDATE
873214,839,524.0,UPDATE
873259,1499,932.0,UPDATE
873260,1789,1113.0,UPDATE
873262,1439,894.0,UPDATE
873263,1709,1064.0,UPDATE
873265,1339,835.0,UPDATE
873266,1589,993.0,UPDATE
873268,1329,831.0,UPDATE
873269,1579,987.0,UPDATE
873271,1279,797.0,UPDATE
873272,1519,946.0,UPDATE
873277,1259,787.0,UPDATE
873278,1449,901.0,UPDATE
873280,1249,777.0,UPDATE
873283,1199,749.0,UPDATE
873289,919,574.0,UPDATE
873290,1089,677.0,UPDATE
873292,889,555.0,UPDATE
873295,909,566.0,UPDATE
873296,1069,668.0,UPDATE
873298,869,538.0,UPDATE
873301,1269,793.0,UPDATE
873302,1459,912.0,UPDATE
873304,1229,764.0,UPDATE
873305,1409,877.0,UPDATE
873307,1179,734.0,UPDATE
873308,1349,841.0,UPDATE
873310,1159,719.0,UPDATE
873311,1319,823.0,UPDATE
873313,1129,701.0,UPDATE
873314,1289,802.0,UPDATE
873319,1109,691.0,UPDATE
873320,1269,790.0,UPDATE
873322,1099,684.0,UPDATE
873325,1039,648.0,UPDATE
873331,859,534.0,UPDATE
873332,979,609.0,UPDATE
873334,839,519.0,UPDATE
873337,839,521.0,UPDATE
873338,959,595.0,UPDATE
873340,799,499.0,UPDATE
873343,879,544.0,UPDATE
873344,999,621.0,UPDATE
873346,899,560.0,UPDATE
873347,1029,640.0,UPDATE
873349,929,576.0,UPDATE
873350,1059,659.0,UPDATE
873352,1179,735.0,UPDATE
873353,1349,841.0,UPDATE
873355,1229,767.0,UPDATE
873356,1409,880.0,UPDATE
873358,1279,799.0,UPDATE
873359,1469,918.0,UPDATE
873364,899,560.0,UPDATE
873365,1029,640.0,UPDATE
873367,929,576.0,UPDATE
873368,1059,659.0,UPDATE
873370,949,592.0,UPDATE
873371,1089,678.0,UPDATE
873373,1209,752.0,UPDATE
873374,1379,861.0,UPDATE
873376,1259,786.0,UPDATE
873377,1449,902.0,UPDATE
873379,1309,818.0,UPDATE
873380,1509,940.0,UPDATE
873382,1359,848.0,UPDATE
873383,1569,976.0,UPDATE
873388,959,594.0,UPDATE
873389,1089,680.0,UPDATE
873391,929,576.0,UPDATE
873394,929,581.0,UPDATE
873395,1069,665.0,UPDATE
873397,889,555.0,UPDATE
873398,1019,634.0,UPDATE
873400,979,607.0,UPDATE
873401,1119,694.0,UPDATE
873403,999,625.0,UPDATE
873404,1149,716.0,UPDATE
873406,1029,641.0,UPDATE
873407,1179,735.0,UPDATE
873409,999,623.0,UPDATE
873410,1139,712.0,UPDATE
873412,1029,641.0,UPDATE
873413,1179,734.0,UPDATE
873415,1059,659.0,UPDATE
873416,1209,756.0,UPDATE
873421,939,583.0,UPDATE
873422,1139,712.0,UPDATE
873424,909,565.0,UPDATE
873427,939,583.0,UPDATE
873428,1109,690.0,UPDATE
873430,879,547.0,UPDATE
873431,1039,647.0,UPDATE
873436,1559,970.0,UPDATE
873437,1799,1121.0,UPDATE
873439,1499,932.0,UPDATE
873440,1729,1076.0,UPDATE
873442,1469,915.0,UPDATE
873443,1689,1056.0,UPDATE
873445,1429,890.0,UPDATE
873446,1649,1027.0,UPDATE
873451,1409,881.0,UPDATE
873452,1629,1017.0,UPDATE
873454,1399,873.0,UPDATE
873457,1379,859.0,UPDATE
873463,1079,673.0,UPDATE
873464,1239,773.0,UPDATE
873466,1049,653.0,UPDATE
873469,1069,665.0,UPDATE
873470,1229,764.0,UPDATE
873472,1019,636.0,UPDATE
874113,749,468.0,UPDATE
874114,779,482.0,UPDATE
874122,769,478.0,UPDATE
877203,1219,761.0,UPDATE
877204,1399,872.0,UPDATE
877206,1269,790.0,UPDATE
877207,1459,909.0,UPDATE
877209,1239,772.0,UPDATE
877210,1419,887.0,UPDATE
877227,1569,980.0,UPDATE
877233,1189,739.0,UPDATE
879444,579,358.0,UPDATE
879445,579,358.0,UPDATE
879446,599,369.0,UPDATE
879447,809,502.0,UPDATE
879448,809,502.0,UPDATE
879449,829,517.0,UPDATE
879628,739,457.0,UPDATE
879629,709,440.0,UPDATE
879630,759,470.0,UPDATE
879631,789,489.0,UPDATE
879634,819,511.0,UPDATE
90502,1619,1012.0,UPDATE
92294,429,267.0,UPDATE
92410,2049,1277.0,UPDATE
92799,1089,676.0,UPDATE
92831,349,214.0,UPDATE
92837,4809,3006.0,UPDATE
92870,13239,8275.0,UPDATE
93060,409,253.0,UPDATE
93079,949,588.0,UPDATE
93323,309,193.0,UPDATE
93341,11799,7369.0,UPDATE
93349,3439,2146.0,UPDATE
