M30039561,42020007
M30039561,42020008
M30039561,42020009
M30039561,42020010
M30039561,42020017
M30039561,42020019
M30039561,42020027
M30039561,42020028
M30039561,42020029
M30039561,42020030
M30039561,42020037
M30039561,42020038
M30039561,42020039
M30039561,42020040
M3005113,365541
M3005113,365542
M3005113,368130
M3006539,3051211
M3006539,3051227
M3006539,3068877
M3006539,3068878
M30085331,311871
M30085331,3325188
M30085331,3325189
M30085331,3325191
M30085331,3325192
M30085331,3325193
M30085331,3325195
M30085331,3325197
M30085331,3325198
M30085331,3325199
M30085331,3325205
M30085331,4105536
M30085331,4105538
M30085331,4105539
M3012603,340991
M3012603,340994
M3012603,340996
M3012603,340999
M3015680,348082
M3015680,348083
M3015680,348084
M3015680,348085
M3015680,348090
M3030690,834136
M3030690,834138
M3030690,863503
M3030690,863504
M3030690,863505
